data_horario;user_home;user_away;team_home;team_away;resultado;Score_end_home;Score_end_away;target_class;team_playing_home;team_playing_away
2021-03-05 09:46:00;OLLE;MR_ELIDARIUS;BRAZIL (OLLE) ESPORTS;FRANCE (MR_ELIDARIUS) ESPORTS;3-0;3;0;1;BRAZIL;FRANCE
2021-03-05 09:52:00;RUS_1995_LAN;DANGERDIM77;BAYERN (RUS_1995_LAN) ESPORTS;REAL MADRID (DANGERDIM77) ESPORTS;1-1;1;1;0;BAYERN;REAL MADRID
2021-03-05 09:52:00;ORLOVSKY1;NIKKITTA;PSG (ORLOVSKY1) ESPORTS;LIVERPOOL (NIKKITTA) ESPORTS;2-1;2;1;1;PSG;LIVERPOOL
2021-03-05 09:52:00;RUS_1995_LAN;DANGERDIM77;BAYERN (RUS_1995_LAN) ESPORTS;REAL MADRID (DANGERDIM77) ESPORTS;1-1;1;1;0;BAYERN;REAL MADRID
2021-03-05 09:58:00;MR_ELIDARIUS;UPCAKE22;FRANCE (MR_ELIDARIUS) ESPORTS;GERMANY (UPCAKE22) ESPORTS;0-3;0;3;2;FRANCE;GERMANY
2021-03-05 09:58:00;WHITE_BOY1927;TAKA;BELGIUM (WHITE_BOY1927) ESPORTS;PORTUGAL (TAKA) ESPORTS;3-3;3;3;0;BELGIUM;PORTUGAL
2021-03-05 10:04:00;NIKKITTA;RUS_1995_LAN;LIVERPOOL (NIKKITTA) ESPORTS;BAYERN (RUS_1995_LAN) ESPORTS;0-0;0;0;0;LIVERPOOL;BAYERN
2021-03-05 10:04:00;NIKKITTA;RUS_1995_LAN;LIVERPOOL (NIKKITTA) ESPORTS;BAYERN (RUS_1995_LAN) ESPORTS;0-0;0;0;0;LIVERPOOL;BAYERN
2021-03-05 10:04:00;SLEZAINTIMA;ORLOVSKY1;BARCELONA (SLEZAINTIMA) ESPORTS;PSG (ORLOVSKY1) ESPORTS;2-3;2;3;2;BARCELONA;PSG
2021-03-05 10:10:00;MR_ELIDARIUS;TAKA;FRANCE (MR_ELIDARIUS) ESPORTS;PORTUGAL (TAKA) ESPORTS;2-1;2;1;1;FRANCE;PORTUGAL
2021-03-05 10:10:00;OLLE;UPCAKE22;BRAZIL (OLLE) ESPORTS;GERMANY (UPCAKE22) ESPORTS;0-0;0;0;0;BRAZIL;GERMANY
2021-03-05 10:16:00;RUS_1995_LAN;SLEZAINTIMA;BAYERN (RUS_1995_LAN) ESPORTS;BARCELONA (SLEZAINTIMA) ESPORTS;1-3;1;3;2;BAYERN;BARCELONA
2021-03-05 10:16:00;DANGERDIM77;NIKKITTA;REAL MADRID (DANGERDIM77) ESPORTS;LIVERPOOL (NIKKITTA) ESPORTS;0-2;0;2;2;REAL MADRID;LIVERPOOL
2021-03-05 10:16:00;RUS_1995_LAN;SLEZAINTIMA;BAYERN (RUS_1995_LAN) ESPORTS;BARCELONA (SLEZAINTIMA) ESPORTS;1-3;1;3;2;BAYERN;BARCELONA
2021-03-05 10:22:00;TAKA;OLLE;PORTUGAL (TAKA) ESPORTS;BRAZIL (OLLE) ESPORTS;2-4;2;4;2;PORTUGAL;BRAZIL
2021-03-05 10:22:00;WHITE_BOY1927;MR_ELIDARIUS;BELGIUM (WHITE_BOY1927) ESPORTS;FRANCE (MR_ELIDARIUS) ESPORTS;2-0;2;0;1;BELGIUM;FRANCE
2021-03-05 10:28:00;SLEZAINTIMA;DANGERDIM77;BARCELONA (SLEZAINTIMA) ESPORTS;REAL MADRID (DANGERDIM77) ESPORTS;2-1;2;1;1;BARCELONA;REAL MADRID
2021-03-05 10:28:00;ORLOVSKY1;RUS_1995_LAN;PSG (ORLOVSKY1) ESPORTS;BAYERN (RUS_1995_LAN) ESPORTS;1-2;1;2;2;PSG;BAYERN
2021-03-05 10:28:00;ORLOVSKY1;RUS_1995_LAN;PSG (ORLOVSKY1) ESPORTS;BAYERN (RUS_1995_LAN) ESPORTS;1-2;1;2;2;PSG;BAYERN
2021-03-05 10:34:00;UPCAKE22;TAKA;GERMANY (UPCAKE22) ESPORTS;PORTUGAL (TAKA) ESPORTS;1-0;1;0;1;GERMANY;PORTUGAL
2021-03-05 10:34:00;OLLE;WHITE_BOY1927;BRAZIL (OLLE) ESPORTS;BELGIUM (WHITE_BOY1927) ESPORTS;3-1;3;1;1;BRAZIL;BELGIUM
2021-03-05 10:46:00;MR_ELIDARIUS;OLLE;FRANCE (MR_ELIDARIUS) ESPORTS;BRAZIL (OLLE) ESPORTS;0-0;0;0;0;FRANCE;BRAZIL
2021-03-05 10:46:00;WHITE_BOY1927;UPCAKE22;BELGIUM (WHITE_BOY1927) ESPORTS;GERMANY (UPCAKE22) ESPORTS;2-2;2;2;0;BELGIUM;GERMANY
2021-03-05 10:58:00;TAKA;WHITE_BOY1927;PORTUGAL (TAKA) ESPORTS;BELGIUM (WHITE_BOY1927) ESPORTS;6-0;6;0;1;PORTUGAL;BELGIUM
2021-03-05 10:58:00;UPCAKE22;MR_ELIDARIUS;GERMANY (UPCAKE22) ESPORTS;FRANCE (MR_ELIDARIUS) ESPORTS;2-1;2;1;1;GERMANY;FRANCE
2021-03-05 11:00:00;HOTSHOT;LAIKINGDAST;INTER (HOTSHOT) ESPORTS;MAN CITY (LAIKINGDAST) ESPORTS;0-4;0;4;2;INTER;MAN CITY
2021-03-05 11:00:00;PLEVIS;D1PSEN;DORTMUND (PLEVIS) ESPORTS;CHELSEA (D1PSEN) ESPORTS;0-0;0;0;0;DORTMUND;CHELSEA
2021-03-05 11:12:00;D1PSEN;KODAK;CHELSEA (D1PSEN) ESPORTS;ATLETICO MADRID (KODAK) ESPORTS;2-2;2;2;0;CHELSEA;ATLETICO MADRID
2021-03-05 11:12:00;LAIKINGDAST;PLEVIS;MAN CITY (LAIKINGDAST) ESPORTS;DORTMUND (PLEVIS) ESPORTS;1-1;1;1;0;MAN CITY;DORTMUND
2021-03-05 11:24:00;PLEVIS;HOTSHOT;DORTMUND (PLEVIS) ESPORTS;INTER (HOTSHOT) ESPORTS;2-1;2;1;1;DORTMUND;INTER
2021-03-05 11:24:00;KODAK;LAIKINGDAST;ATLETICO MADRID (KODAK) ESPORTS;MAN CITY (LAIKINGDAST) ESPORTS;2-2;2;2;0;ATLETICO MADRID;MAN CITY
2021-03-05 11:30:00;TAKA;MR_ELIDARIUS;NAPOLI (TAKA) ESPORTS;LEICESTER (MR_ELIDARIUS) ESPORTS;0-0;0;0;0;NAPOLI;LEICESTER
2021-03-05 11:30:00;UPCAKE22;OLLE;ARSENAL (UPCAKE22) ESPORTS;AC MILAN (OLLE) ESPORTS;0-0;0;0;0;ARSENAL;AC MILAN
2021-03-05 11:36:00;LAIKINGDAST;D1PSEN;MAN CITY (LAIKINGDAST) ESPORTS;CHELSEA (D1PSEN) ESPORTS;1-2;1;2;2;MAN CITY;CHELSEA
2021-03-05 11:36:00;HOTSHOT;KODAK;INTER (HOTSHOT) ESPORTS;ATLETICO MADRID (KODAK) ESPORTS;2-0;2;0;1;INTER;ATLETICO MADRID
2021-03-05 11:42:00;OLLE;TAKA;AC MILAN (OLLE) ESPORTS;NAPOLI (TAKA) ESPORTS;3-2;3;2;1;AC MILAN;NAPOLI
2021-03-05 11:42:00;MR_ELIDARIUS;WHITE_BOY1927;LEICESTER (MR_ELIDARIUS) ESPORTS;BAYER 04 (WHITE_BOY1927) ESPORTS;1-1;1;1;0;LEICESTER;BAYER 04
2021-03-05 11:48:00;D1PSEN;HOTSHOT;CHELSEA (D1PSEN) ESPORTS;INTER (HOTSHOT) ESPORTS;1-0;1;0;1;CHELSEA;INTER
2021-03-05 11:48:00;KODAK;PLEVIS;ATLETICO MADRID (KODAK) ESPORTS;DORTMUND (PLEVIS) ESPORTS;1-1;1;1;0;ATLETICO MADRID;DORTMUND
2021-03-05 11:54:00;TAKA;UPCAKE22;NAPOLI (TAKA) ESPORTS;ARSENAL (UPCAKE22) ESPORTS;3-1;3;1;1;NAPOLI;ARSENAL
2021-03-05 11:54:00;WHITE_BOY1927;OLLE;BAYER 04 (WHITE_BOY1927) ESPORTS;AC MILAN (OLLE) ESPORTS;2-2;2;2;0;BAYER 04;AC MILAN
2021-03-05 12:00:00;LAIKINGDAST;HOTSHOT;MAN CITY (LAIKINGDAST) ESPORTS;INTER (HOTSHOT) ESPORTS;2-0;2;0;1;MAN CITY;INTER
2021-03-05 12:00:00;D1PSEN;PLEVIS;CHELSEA (D1PSEN) ESPORTS;DORTMUND (PLEVIS) ESPORTS;0-1;0;1;2;CHELSEA;DORTMUND
2021-03-05 12:06:00;OLLE;MR_ELIDARIUS;AC MILAN (OLLE) ESPORTS;LEICESTER (MR_ELIDARIUS) ESPORTS;0-0;0;0;0;AC MILAN;LEICESTER
2021-03-05 12:06:00;UPCAKE22;WHITE_BOY1927;ARSENAL (UPCAKE22) ESPORTS;BAYER 04 (WHITE_BOY1927) ESPORTS;2-2;2;2;0;ARSENAL;BAYER 04
2021-03-05 12:12:00;PLEVIS;LAIKINGDAST;DORTMUND (PLEVIS) ESPORTS;MAN CITY (LAIKINGDAST) ESPORTS;1-0;1;0;1;DORTMUND;MAN CITY
2021-03-05 12:12:00;KODAK;D1PSEN;ATLETICO MADRID (KODAK) ESPORTS;CHELSEA (D1PSEN) ESPORTS;0-5;0;5;2;ATLETICO MADRID;CHELSEA
2021-03-05 12:18:00;WHITE_BOY1927;TAKA;BAYER 04 (WHITE_BOY1927) ESPORTS;NAPOLI (TAKA) ESPORTS;0-0;0;0;0;BAYER 04;NAPOLI
2021-03-05 12:18:00;MR_ELIDARIUS;UPCAKE22;LEICESTER (MR_ELIDARIUS) ESPORTS;ARSENAL (UPCAKE22) ESPORTS;0-1;0;1;2;LEICESTER;ARSENAL
2021-03-05 12:24:00;HOTSHOT;PLEVIS;INTER (HOTSHOT) ESPORTS;DORTMUND (PLEVIS) ESPORTS;1-3;1;3;2;INTER;DORTMUND
2021-03-05 12:24:00;LAIKINGDAST;KODAK;MAN CITY (LAIKINGDAST) ESPORTS;ATLETICO MADRID (KODAK) ESPORTS;2-1;2;1;1;MAN CITY;ATLETICO MADRID
2021-03-05 12:30:00;MR_ELIDARIUS;TAKA;LEICESTER (MR_ELIDARIUS) ESPORTS;NAPOLI (TAKA) ESPORTS;0-0;0;0;0;LEICESTER;NAPOLI
2021-03-05 12:30:00;OLLE;UPCAKE22;AC MILAN (OLLE) ESPORTS;ARSENAL (UPCAKE22) ESPORTS;0-0;0;0;0;AC MILAN;ARSENAL
2021-03-05 12:36:00;D1PSEN;LAIKINGDAST;CHELSEA (D1PSEN) ESPORTS;MAN CITY (LAIKINGDAST) ESPORTS;0-1;0;1;2;CHELSEA;MAN CITY
2021-03-05 12:36:00;KODAK;HOTSHOT;ATLETICO MADRID (KODAK) ESPORTS;INTER (HOTSHOT) ESPORTS;2-2;2;2;0;ATLETICO MADRID;INTER
2021-03-05 12:42:00;TAKA;OLLE;NAPOLI (TAKA) ESPORTS;AC MILAN (OLLE) ESPORTS;2-1;2;1;1;NAPOLI;AC MILAN
2021-03-05 12:42:00;WHITE_BOY1927;MR_ELIDARIUS;BAYER 04 (WHITE_BOY1927) ESPORTS;LEICESTER (MR_ELIDARIUS) ESPORTS;1-2;1;2;2;BAYER 04;LEICESTER
2021-03-05 12:48:00;HOTSHOT;D1PSEN;INTER (HOTSHOT) ESPORTS;CHELSEA (D1PSEN) ESPORTS;1-1;1;1;0;INTER;CHELSEA
2021-03-05 12:48:00;PLEVIS;KODAK;DORTMUND (PLEVIS) ESPORTS;ATLETICO MADRID (KODAK) ESPORTS;1-2;1;2;2;DORTMUND;ATLETICO MADRID
2021-03-05 12:54:00;UPCAKE22;TAKA;ARSENAL (UPCAKE22) ESPORTS;NAPOLI (TAKA) ESPORTS;1-0;1;0;1;ARSENAL;NAPOLI
2021-03-05 12:54:00;OLLE;WHITE_BOY1927;AC MILAN (OLLE) ESPORTS;BAYER 04 (WHITE_BOY1927) ESPORTS;1-3;1;3;2;AC MILAN;BAYER 04
2021-03-05 13:06:00;MR_ELIDARIUS;OLLE;LEICESTER (MR_ELIDARIUS) ESPORTS;AC MILAN (OLLE) ESPORTS;2-3;2;3;2;LEICESTER;AC MILAN
2021-03-05 13:06:00;WHITE_BOY1927;UPCAKE22;BAYER 04 (WHITE_BOY1927) ESPORTS;ARSENAL (UPCAKE22) ESPORTS;1-1;1;1;0;BAYER 04;ARSENAL
2021-03-05 13:10:00;PLEVIS;D1PSEN;EVERTON (PLEVIS) ESPORTS;LEICESTER (D1PSEN) ESPORTS;2-1;2;1;1;EVERTON;LEICESTER
2021-03-05 13:10:00;HOTSHOT;LAIKINGDAST;WOLVES (HOTSHOT) ESPORTS;WEST HAM (LAIKINGDAST) ESPORTS;3-1;3;1;1;WOLVES;WEST HAM
2021-03-05 13:18:00;TAKA;WHITE_BOY1927;NAPOLI (TAKA) ESPORTS;BAYER 04 (WHITE_BOY1927) ESPORTS;3-2;3;2;1;NAPOLI;BAYER 04
2021-03-05 13:18:00;UPCAKE22;MR_ELIDARIUS;ARSENAL (UPCAKE22) ESPORTS;LEICESTER (MR_ELIDARIUS) ESPORTS;1-2;1;2;2;ARSENAL;LEICESTER
2021-03-05 13:22:00;LAIKINGDAST;PLEVIS;WEST HAM (LAIKINGDAST) ESPORTS;EVERTON (PLEVIS) ESPORTS;3-1;3;1;1;WEST HAM;EVERTON
2021-03-05 13:22:00;D1PSEN;KODAK;LEICESTER (D1PSEN) ESPORTS;ARSENAL (KODAK) ESPORTS;0-2;0;2;2;LEICESTER;ARSENAL
2021-03-05 13:34:00;PLEVIS;HOTSHOT;EVERTON (PLEVIS) ESPORTS;WOLVES (HOTSHOT) ESPORTS;1-0;1;0;1;EVERTON;WOLVES
2021-03-05 13:34:00;KODAK;LAIKINGDAST;ARSENAL (KODAK) ESPORTS;WEST HAM (LAIKINGDAST) ESPORTS;4-1;4;1;1;ARSENAL;WEST HAM
2021-03-05 13:40:00;UPCAKE22;OLLE;REAL MADRID (UPCAKE22) ESPORTS;LIVERPOOL (OLLE) ESPORTS;0-0;0;0;0;REAL MADRID;LIVERPOOL
2021-03-05 13:40:00;TAKA;MR_ELIDARIUS;BAYERN (TAKA) ESPORTS;PSG (MR_ELIDARIUS) ESPORTS;2-0;2;0;1;BAYERN;PSG
2021-03-05 13:46:00;LAIKINGDAST;D1PSEN;WEST HAM (LAIKINGDAST) ESPORTS;LEICESTER (D1PSEN) ESPORTS;1-3;1;3;2;WEST HAM;LEICESTER
2021-03-05 13:46:00;HOTSHOT;KODAK;WOLVES (HOTSHOT) ESPORTS;ARSENAL (KODAK) ESPORTS;3-0;3;0;1;WOLVES;ARSENAL
2021-03-05 13:52:00;MR_ELIDARIUS;WHITE_BOY1927;PSG (MR_ELIDARIUS) ESPORTS;BARCELONA (WHITE_BOY1927) ESPORTS;2-4;2;4;2;PSG;BARCELONA
2021-03-05 13:52:00;OLLE;TAKA;LIVERPOOL (OLLE) ESPORTS;BAYERN (TAKA) ESPORTS;1-0;1;0;1;LIVERPOOL;BAYERN
2021-03-05 13:58:00;KODAK;PLEVIS;ARSENAL (KODAK) ESPORTS;EVERTON (PLEVIS) ESPORTS;2-2;2;2;0;ARSENAL;EVERTON
2021-03-05 13:58:00;D1PSEN;HOTSHOT;LEICESTER (D1PSEN) ESPORTS;WOLVES (HOTSHOT) ESPORTS;1-0;1;0;1;LEICESTER;WOLVES
2021-03-05 14:04:00;TAKA;UPCAKE22;BAYERN (TAKA) ESPORTS;REAL MADRID (UPCAKE22) ESPORTS;2-1;2;1;1;BAYERN;REAL MADRID
2021-03-05 14:04:00;WHITE_BOY1927;OLLE;BARCELONA (WHITE_BOY1927) ESPORTS;LIVERPOOL (OLLE) ESPORTS;1-1;1;1;0;BARCELONA;LIVERPOOL
2021-03-05 14:10:00;D1PSEN;PLEVIS;LEICESTER (D1PSEN) ESPORTS;EVERTON (PLEVIS) ESPORTS;1-0;1;0;1;LEICESTER;EVERTON
2021-03-05 14:10:00;LAIKINGDAST;HOTSHOT;WEST HAM (LAIKINGDAST) ESPORTS;WOLVES (HOTSHOT) ESPORTS;2-0;2;0;1;WEST HAM;WOLVES
2021-03-05 14:16:00;UPCAKE22;WHITE_BOY1927;REAL MADRID (UPCAKE22) ESPORTS;BARCELONA (WHITE_BOY1927) ESPORTS;2-0;2;0;1;REAL MADRID;BARCELONA
2021-03-05 14:16:00;OLLE;MR_ELIDARIUS;LIVERPOOL (OLLE) ESPORTS;PSG (MR_ELIDARIUS) ESPORTS;2-1;2;1;1;LIVERPOOL;PSG
2021-03-05 14:22:00;PLEVIS;LAIKINGDAST;EVERTON (PLEVIS) ESPORTS;WEST HAM (LAIKINGDAST) ESPORTS;1-0;1;0;1;EVERTON;WEST HAM
2021-03-05 14:22:00;KODAK;D1PSEN;ARSENAL (KODAK) ESPORTS;LEICESTER (D1PSEN) ESPORTS;4-3;4;3;1;ARSENAL;LEICESTER
2021-03-05 14:28:00;MR_ELIDARIUS;UPCAKE22;PSG (MR_ELIDARIUS) ESPORTS;REAL MADRID (UPCAKE22) ESPORTS;2-1;2;1;1;PSG;REAL MADRID
2021-03-05 14:28:00;WHITE_BOY1927;TAKA;BARCELONA (WHITE_BOY1927) ESPORTS;BAYERN (TAKA) ESPORTS;1-1;1;1;0;BARCELONA;BAYERN
2021-03-05 14:34:00;LAIKINGDAST;KODAK;WEST HAM (LAIKINGDAST) ESPORTS;ARSENAL (KODAK) ESPORTS;0-2;0;2;2;WEST HAM;ARSENAL
2021-03-05 14:34:00;HOTSHOT;PLEVIS;WOLVES (HOTSHOT) ESPORTS;EVERTON (PLEVIS) ESPORTS;2-2;2;2;0;WOLVES;EVERTON
2021-03-05 14:40:00;MR_ELIDARIUS;TAKA;PSG (MR_ELIDARIUS) ESPORTS;BAYERN (TAKA) ESPORTS;2-0;2;0;1;PSG;BAYERN
2021-03-05 14:40:00;OLLE;UPCAKE22;LIVERPOOL (OLLE) ESPORTS;REAL MADRID (UPCAKE22) ESPORTS;0-1;0;1;2;LIVERPOOL;REAL MADRID
2021-03-05 14:46:00;KODAK;HOTSHOT;ARSENAL (KODAK) ESPORTS;WOLVES (HOTSHOT) ESPORTS;1-0;1;0;1;ARSENAL;WOLVES
2021-03-05 14:46:00;D1PSEN;LAIKINGDAST;LEICESTER (D1PSEN) ESPORTS;WEST HAM (LAIKINGDAST) ESPORTS;2-0;2;0;1;LEICESTER;WEST HAM
2021-03-05 14:52:00;TAKA;OLLE;BAYERN (TAKA) ESPORTS;LIVERPOOL (OLLE) ESPORTS;2-2;2;2;0;BAYERN;LIVERPOOL
2021-03-05 14:52:00;WHITE_BOY1927;MR_ELIDARIUS;BARCELONA (WHITE_BOY1927) ESPORTS;PSG (MR_ELIDARIUS) ESPORTS;1-1;1;1;0;BARCELONA;PSG
2021-03-05 14:58:00;HOTSHOT;D1PSEN;WOLVES (HOTSHOT) ESPORTS;LEICESTER (D1PSEN) ESPORTS;1-1;1;1;0;WOLVES;LEICESTER
2021-03-05 14:58:00;PLEVIS;KODAK;EVERTON (PLEVIS) ESPORTS;ARSENAL (KODAK) ESPORTS;1-1;1;1;0;EVERTON;ARSENAL
2021-03-05 15:04:00;OLLE;WHITE_BOY1927;LIVERPOOL (OLLE) ESPORTS;BARCELONA (WHITE_BOY1927) ESPORTS;3-1;3;1;1;LIVERPOOL;BARCELONA
2021-03-05 15:04:00;UPCAKE22;TAKA;REAL MADRID (UPCAKE22) ESPORTS;BAYERN (TAKA) ESPORTS;2-0;2;0;1;REAL MADRID;BAYERN
2021-03-05 15:16:00;WHITE_BOY1927;UPCAKE22;BARCELONA (WHITE_BOY1927) ESPORTS;REAL MADRID (UPCAKE22) ESPORTS;0-0;0;0;0;BARCELONA;REAL MADRID
2021-03-05 15:16:00;MR_ELIDARIUS;OLLE;PSG (MR_ELIDARIUS) ESPORTS;LIVERPOOL (OLLE) ESPORTS;4-1;4;1;1;PSG;LIVERPOOL
2021-03-05 15:28:00;TAKA;WHITE_BOY1927;BAYERN (TAKA) ESPORTS;BARCELONA (WHITE_BOY1927) ESPORTS;1-4;1;4;2;BAYERN;BARCELONA
2021-03-05 15:28:00;UPCAKE22;MR_ELIDARIUS;REAL MADRID (UPCAKE22) ESPORTS;PSG (MR_ELIDARIUS) ESPORTS;0-0;0;0;0;REAL MADRID;PSG
2021-03-05 15:30:00;HOTSHOT;LAIKINGDAST;MAN CITY (HOTSHOT) ESPORTS;LIVERPOOL (LAIKINGDAST) ESPORTS;0-4;0;4;2;MAN CITY;LIVERPOOL
2021-03-05 15:30:00;PLEVIS;D1PSEN;TOTTENHAM (PLEVIS) ESPORTS;MAN UTD (D1PSEN) ESPORTS;4-0;4;0;1;TOTTENHAM;MAN UTD
2021-03-05 15:42:00;D1PSEN;KODAK;MAN UTD (D1PSEN) ESPORTS;CHELSEA (KODAK) ESPORTS;1-3;1;3;2;MAN UTD;CHELSEA
2021-03-05 15:42:00;LAIKINGDAST;PLEVIS;LIVERPOOL (LAIKINGDAST) ESPORTS;TOTTENHAM (PLEVIS) ESPORTS;0-1;0;1;2;LIVERPOOL;TOTTENHAM
2021-03-05 15:54:00;KODAK;LAIKINGDAST;CHELSEA (KODAK) ESPORTS;LIVERPOOL (LAIKINGDAST) ESPORTS;1-1;1;1;0;CHELSEA;LIVERPOOL
2021-03-05 15:54:00;PLEVIS;HOTSHOT;TOTTENHAM (PLEVIS) ESPORTS;MAN CITY (HOTSHOT) ESPORTS;1-3;1;3;2;TOTTENHAM;MAN CITY
2021-03-05 16:06:00;HOTSHOT;KODAK;MAN CITY (HOTSHOT) ESPORTS;CHELSEA (KODAK) ESPORTS;0-3;0;3;2;MAN CITY;CHELSEA
2021-03-05 16:06:00;LAIKINGDAST;D1PSEN;LIVERPOOL (LAIKINGDAST) ESPORTS;MAN UTD (D1PSEN) ESPORTS;0-3;0;3;2;LIVERPOOL;MAN UTD
2021-03-05 16:18:00;D1PSEN;HOTSHOT;MAN UTD (D1PSEN) ESPORTS;MAN CITY (HOTSHOT) ESPORTS;1-0;1;0;1;MAN UTD;MAN CITY
2021-03-05 16:18:00;KODAK;PLEVIS;CHELSEA (KODAK) ESPORTS;TOTTENHAM (PLEVIS) ESPORTS;1-3;1;3;2;CHELSEA;TOTTENHAM
2021-03-05 16:30:00;LAIKINGDAST;HOTSHOT;LIVERPOOL (LAIKINGDAST) ESPORTS;MAN CITY (HOTSHOT) ESPORTS;0-2;0;2;2;LIVERPOOL;MAN CITY
2021-03-05 16:30:00;D1PSEN;PLEVIS;MAN UTD (D1PSEN) ESPORTS;TOTTENHAM (PLEVIS) ESPORTS;1-0;1;0;1;MAN UTD;TOTTENHAM
2021-03-05 16:42:00;PLEVIS;LAIKINGDAST;TOTTENHAM (PLEVIS) ESPORTS;LIVERPOOL (LAIKINGDAST) ESPORTS;1-0;1;0;1;TOTTENHAM;LIVERPOOL
2021-03-05 16:42:00;KODAK;D1PSEN;CHELSEA (KODAK) ESPORTS;MAN UTD (D1PSEN) ESPORTS;2-5;2;5;2;CHELSEA;MAN UTD
2021-03-05 16:54:00;HOTSHOT;PLEVIS;MAN CITY (HOTSHOT) ESPORTS;TOTTENHAM (PLEVIS) ESPORTS;0-0;0;0;0;MAN CITY;TOTTENHAM
2021-03-05 16:54:00;LAIKINGDAST;KODAK;LIVERPOOL (LAIKINGDAST) ESPORTS;CHELSEA (KODAK) ESPORTS;2-1;2;1;1;LIVERPOOL;CHELSEA
2021-03-05 17:06:00;D1PSEN;LAIKINGDAST;MAN UTD (D1PSEN) ESPORTS;LIVERPOOL (LAIKINGDAST) ESPORTS;1-3;1;3;2;MAN UTD;LIVERPOOL
2021-03-05 17:06:00;KODAK;HOTSHOT;CHELSEA (KODAK) ESPORTS;MAN CITY (HOTSHOT) ESPORTS;0-2;0;2;2;CHELSEA;MAN CITY
2021-03-05 17:18:00;HOTSHOT;D1PSEN;MAN CITY (HOTSHOT) ESPORTS;MAN UTD (D1PSEN) ESPORTS;1-1;1;1;0;MAN CITY;MAN UTD
2021-03-05 17:18:00;PLEVIS;KODAK;TOTTENHAM (PLEVIS) ESPORTS;CHELSEA (KODAK) ESPORTS;2-2;2;2;0;TOTTENHAM;CHELSEA
2021-03-05 17:30:00;MELTOSIK;KRAY;WEST HAM (MELTOSIK) ESPORTS;LEICESTER (KRAY) ESPORTS;2-1;2;1;1;WEST HAM;LEICESTER
2021-03-05 17:30:00;INQUISITOR;BOULEVARD_PROSPECT;WOLVES (INQUISITOR) ESPORTS;ARSENAL (BOULEVARD_PROSPECT) ESPORTS;0-3;0;3;2;WOLVES;ARSENAL
2021-03-05 17:40:00;PLEVIS;D1PSEN;PORTUGAL (PLEVIS) ESPORTS;FRANCE (D1PSEN) ESPORTS;2-5;2;5;2;PORTUGAL;FRANCE
2021-03-05 17:40:00;HOTSHOT;LAIKINGDAST;GERMANY (HOTSHOT) ESPORTS;BELGIUM (LAIKINGDAST) ESPORTS;3-2;3;2;1;GERMANY;BELGIUM
2021-03-05 17:42:00;BOULEVARD_PROSPECT;MELTOSIK;ARSENAL (BOULEVARD_PROSPECT) ESPORTS;WEST HAM (MELTOSIK) ESPORTS;1-1;1;1;0;ARSENAL;WEST HAM
2021-03-05 17:42:00;KRAY;LABOTRYAS;LEICESTER (KRAY) ESPORTS;EVERTON (LABOTRYAS) ESPORTS;1-2;1;2;2;LEICESTER;EVERTON
2021-03-05 17:52:00;LAIKINGDAST;PLEVIS;BELGIUM (LAIKINGDAST) ESPORTS;PORTUGAL (PLEVIS) ESPORTS;2-0;2;0;1;BELGIUM;PORTUGAL
2021-03-05 17:52:00;D1PSEN;KODAK;FRANCE (D1PSEN) ESPORTS;BRASIL (KODAK) ESPORTS;5-1;5;1;1;FRANCE;BRASIL
2021-03-05 17:54:00;LABOTRYAS;BOULEVARD_PROSPECT;EVERTON (LABOTRYAS) ESPORTS;ARSENAL (BOULEVARD_PROSPECT) ESPORTS;2-2;2;2;0;EVERTON;ARSENAL
2021-03-05 17:54:00;MELTOSIK;INQUISITOR;WEST HAM (MELTOSIK) ESPORTS;WOLVES (INQUISITOR) ESPORTS;1-0;1;0;1;WEST HAM;WOLVES
2021-03-05 18:04:00;PLEVIS;HOTSHOT;PORTUGAL (PLEVIS) ESPORTS;GERMANY (HOTSHOT) ESPORTS;2-0;2;0;1;PORTUGAL;GERMANY
2021-03-05 18:04:00;KODAK;LAIKINGDAST;BRASIL (KODAK) ESPORTS;BELGIUM (LAIKINGDAST) ESPORTS;1-1;1;1;0;BRASIL;BELGIUM
2021-03-05 18:06:00;INQUISITOR;LABOTRYAS;WOLVES (INQUISITOR) ESPORTS;EVERTON (LABOTRYAS) ESPORTS;1-1;1;1;0;WOLVES;EVERTON
2021-03-05 18:06:00;BOULEVARD_PROSPECT;KRAY;ARSENAL (BOULEVARD_PROSPECT) ESPORTS;LEICESTER (KRAY) ESPORTS;1-2;1;2;2;ARSENAL;LEICESTER
2021-03-05 18:16:00;HOTSHOT;KODAK;GERMANY (HOTSHOT) ESPORTS;BRASIL (KODAK) ESPORTS;1-1;1;1;0;GERMANY;BRASIL
2021-03-05 18:16:00;LAIKINGDAST;D1PSEN;BELGIUM (LAIKINGDAST) ESPORTS;FRANCE (D1PSEN) ESPORTS;1-1;1;1;0;BELGIUM;FRANCE
2021-03-05 18:18:00;KRAY;INQUISITOR;LEICESTER (KRAY) ESPORTS;WOLVES (INQUISITOR) ESPORTS;2-1;2;1;1;LEICESTER;WOLVES
2021-03-05 18:18:00;LABOTRYAS;MELTOSIK;EVERTON (LABOTRYAS) ESPORTS;WEST HAM (MELTOSIK) ESPORTS;1-0;1;0;1;EVERTON;WEST HAM
2021-03-05 18:28:00;D1PSEN;HOTSHOT;FRANCE (D1PSEN) ESPORTS;GERMANY (HOTSHOT) ESPORTS;1-3;1;3;2;FRANCE;GERMANY
2021-03-05 18:28:00;KODAK;PLEVIS;BRASIL (KODAK) ESPORTS;PORTUGAL (PLEVIS) ESPORTS;3-2;3;2;1;BRASIL;PORTUGAL
2021-03-05 18:30:00;BOULEVARD_PROSPECT;INQUISITOR;ARSENAL (BOULEVARD_PROSPECT) ESPORTS;WOLVES (INQUISITOR) ESPORTS;1-0;1;0;1;ARSENAL;WOLVES
2021-03-05 18:30:00;KRAY;MELTOSIK;LEICESTER (KRAY) ESPORTS;WEST HAM (MELTOSIK) ESPORTS;2-0;2;0;1;LEICESTER;WEST HAM
2021-03-05 18:40:00;LAIKINGDAST;HOTSHOT;BELGIUM (LAIKINGDAST) ESPORTS;GERMANY (HOTSHOT) ESPORTS;1-0;1;0;1;BELGIUM;GERMANY
2021-03-05 18:40:00;D1PSEN;PLEVIS;FRANCE (D1PSEN) ESPORTS;PORTUGAL (PLEVIS) ESPORTS;3-1;3;1;1;FRANCE;PORTUGAL
2021-03-05 18:42:00;MELTOSIK;BOULEVARD_PROSPECT;WEST HAM (MELTOSIK) ESPORTS;ARSENAL (BOULEVARD_PROSPECT) ESPORTS;2-1;2;1;1;WEST HAM;ARSENAL
2021-03-05 18:42:00;LABOTRYAS;KRAY;EVERTON (LABOTRYAS) ESPORTS;LEICESTER (KRAY) ESPORTS;2-3;2;3;2;EVERTON;LEICESTER
2021-03-05 18:52:00;PLEVIS;LAIKINGDAST;PORTUGAL (PLEVIS) ESPORTS;BELGIUM (LAIKINGDAST) ESPORTS;2-1;2;1;1;PORTUGAL;BELGIUM
2021-03-05 18:52:00;KODAK;D1PSEN;BRASIL (KODAK) ESPORTS;FRANCE (D1PSEN) ESPORTS;0-2;0;2;2;BRASIL;FRANCE
2021-03-05 18:54:00;BOULEVARD_PROSPECT;LABOTRYAS;ARSENAL (BOULEVARD_PROSPECT) ESPORTS;EVERTON (LABOTRYAS) ESPORTS;2-3;2;3;2;ARSENAL;EVERTON
2021-03-05 18:54:00;INQUISITOR;MELTOSIK;WOLVES (INQUISITOR) ESPORTS;WEST HAM (MELTOSIK) ESPORTS;1-1;1;1;0;WOLVES;WEST HAM
2021-03-05 19:04:00;LAIKINGDAST;KODAK;BELGIUM (LAIKINGDAST) ESPORTS;BRASIL (KODAK) ESPORTS;0-1;0;1;2;BELGIUM;BRASIL
2021-03-05 19:04:00;HOTSHOT;PLEVIS;GERMANY (HOTSHOT) ESPORTS;PORTUGAL (PLEVIS) ESPORTS;2-0;2;0;1;GERMANY;PORTUGAL
2021-03-05 19:06:00;LABOTRYAS;INQUISITOR;EVERTON (LABOTRYAS) ESPORTS;WOLVES (INQUISITOR) ESPORTS;0-0;0;0;0;EVERTON;WOLVES
2021-03-05 19:06:00;KRAY;BOULEVARD_PROSPECT;LEICESTER (KRAY) ESPORTS;ARSENAL (BOULEVARD_PROSPECT) ESPORTS;1-1;1;1;0;LEICESTER;ARSENAL
2021-03-05 19:16:00;KODAK;HOTSHOT;BRASIL (KODAK) ESPORTS;GERMANY (HOTSHOT) ESPORTS;1-0;1;0;1;BRASIL;GERMANY
2021-03-05 19:16:00;D1PSEN;LAIKINGDAST;FRANCE (D1PSEN) ESPORTS;BELGIUM (LAIKINGDAST) ESPORTS;3-1;3;1;1;FRANCE;BELGIUM
2021-03-05 19:18:00;MELTOSIK;LABOTRYAS;WEST HAM (MELTOSIK) ESPORTS;EVERTON (LABOTRYAS) ESPORTS;0-0;0;0;0;WEST HAM;EVERTON
2021-03-05 19:18:00;INQUISITOR;KRAY;WOLVES (INQUISITOR) ESPORTS;LEICESTER (KRAY) ESPORTS;1-3;1;3;2;WOLVES;LEICESTER
2021-03-05 19:28:00;HOTSHOT;D1PSEN;GERMANY (HOTSHOT) ESPORTS;FRANCE (D1PSEN) ESPORTS;2-0;2;0;1;GERMANY;FRANCE
2021-03-05 19:28:00;PLEVIS;KODAK;PORTUGAL (PLEVIS) ESPORTS;BRASIL (KODAK) ESPORTS;2-2;2;2;0;PORTUGAL;BRASIL
2021-03-05 19:40:00;MELTOSIK;KRAY;LIVERPOOL (MELTOSIK) ESPORTS;MAN UTD (KRAY) ESPORTS;1-1;1;1;0;LIVERPOOL;MAN UTD
2021-03-05 19:52:00;BOULEVARD_PROSPECT;MELTOSIK;MAN CITY (BOULEVARD_PROSPECT) ESPORTS;LIVERPOOL (MELTOSIK) ESPORTS;0-1;0;1;2;MAN CITY;LIVERPOOL
2021-03-05 19:52:00;KRAY;LABOTRYAS;MAN UTD (KRAY) ESPORTS;TOTTENHAM (LABOTRYAS) ESPORTS;2-1;2;1;1;MAN UTD;TOTTENHAM
2021-03-05 20:04:00;LABOTRYAS;BOULEVARD_PROSPECT;TOTTENHAM (LABOTRYAS) ESPORTS;MAN CITY (BOULEVARD_PROSPECT) ESPORTS;1-0;1;0;1;TOTTENHAM;MAN CITY
2021-03-05 20:16:00;BOULEVARD_PROSPECT;KRAY;MAN CITY (BOULEVARD_PROSPECT) ESPORTS;MAN UTD (KRAY) ESPORTS;3-1;3;1;1;MAN CITY;MAN UTD
2021-03-05 20:28:00;LABOTRYAS;MELTOSIK;TOTTENHAM (LABOTRYAS) ESPORTS;LIVERPOOL (MELTOSIK) ESPORTS;2-2;2;2;0;TOTTENHAM;LIVERPOOL
2021-03-05 20:40:00;KRAY;MELTOSIK;MAN UTD (KRAY) ESPORTS;LIVERPOOL (MELTOSIK) ESPORTS;2-0;2;0;1;MAN UTD;LIVERPOOL
2021-03-05 20:52:00;MELTOSIK;BOULEVARD_PROSPECT;LIVERPOOL (MELTOSIK) ESPORTS;MAN CITY (BOULEVARD_PROSPECT) ESPORTS;0-0;0;0;0;LIVERPOOL;MAN CITY
2021-03-05 20:52:00;LABOTRYAS;KRAY;TOTTENHAM (LABOTRYAS) ESPORTS;MAN UTD (KRAY) ESPORTS;0-1;0;1;2;TOTTENHAM;MAN UTD
2021-03-05 21:04:00;BOULEVARD_PROSPECT;LABOTRYAS;MAN CITY (BOULEVARD_PROSPECT) ESPORTS;TOTTENHAM (LABOTRYAS) ESPORTS;1-4;1;4;2;MAN CITY;TOTTENHAM
2021-03-05 21:16:00;KRAY;BOULEVARD_PROSPECT;MAN UTD (KRAY) ESPORTS;MAN CITY (BOULEVARD_PROSPECT) ESPORTS;1-2;1;2;2;MAN UTD;MAN CITY
2021-03-05 21:28:00;MELTOSIK;LABOTRYAS;LIVERPOOL (MELTOSIK) ESPORTS;TOTTENHAM (LABOTRYAS) ESPORTS;1-0;1;0;1;LIVERPOOL;TOTTENHAM
2021-03-05 22:00:00;MELTOSIK;KRAY;SPAIN (MELTOSIK) ESPORTS;ENGLAND (KRAY) ESPORTS;1-1;1;1;0;SPAIN;ENGLAND
2021-03-05 22:12:00;KRAY;LABOTRYAS;ENGLAND (KRAY) ESPORTS;NETHERLANDS (LABOTRYAS) ESPORTS;1-0;1;0;1;ENGLAND;NETHERLANDS
2021-03-05 22:12:00;BOULEVARD_PROSPECT;MELTOSIK;ITALY (BOULEVARD_PROSPECT) ESPORTS;SPAIN (MELTOSIK) ESPORTS;0-2;0;2;2;ITALY;SPAIN
2021-03-05 22:24:00;LABOTRYAS;BOULEVARD_PROSPECT;NETHERLANDS (LABOTRYAS) ESPORTS;ITALY (BOULEVARD_PROSPECT) ESPORTS;1-1;1;1;0;NETHERLANDS;ITALY
2021-03-05 22:36:00;BOULEVARD_PROSPECT;KRAY;ITALY (BOULEVARD_PROSPECT) ESPORTS;ENGLAND (KRAY) ESPORTS;0-3;0;3;2;ITALY;ENGLAND
2021-03-05 22:48:00;LABOTRYAS;MELTOSIK;NETHERLANDS (LABOTRYAS) ESPORTS;SPAIN (MELTOSIK) ESPORTS;2-0;2;0;1;NETHERLANDS;SPAIN
2021-03-05 23:00:00;KRAY;MELTOSIK;ENGLAND (KRAY) ESPORTS;SPAIN (MELTOSIK) ESPORTS;3-0;3;0;1;ENGLAND;SPAIN
2021-03-05 23:12:00;LABOTRYAS;KRAY;NETHERLANDS (LABOTRYAS) ESPORTS;ENGLAND (KRAY) ESPORTS;1-0;1;0;1;NETHERLANDS;ENGLAND
2021-03-05 23:12:00;MELTOSIK;BOULEVARD_PROSPECT;SPAIN (MELTOSIK) ESPORTS;ITALY (BOULEVARD_PROSPECT) ESPORTS;2-1;2;1;1;SPAIN;ITALY
2021-03-05 23:24:00;BOULEVARD_PROSPECT;LABOTRYAS;ITALY (BOULEVARD_PROSPECT) ESPORTS;NETHERLANDS (LABOTRYAS) ESPORTS;0-1;0;1;2;ITALY;NETHERLANDS
2021-03-05 23:36:00;KRAY;BOULEVARD_PROSPECT;ENGLAND (KRAY) ESPORTS;ITALY (BOULEVARD_PROSPECT) ESPORTS;2-0;2;0;1;ENGLAND;ITALY
2021-03-05 23:48:00;MELTOSIK;LABOTRYAS;SPAIN (MELTOSIK) ESPORTS;NETHERLANDS (LABOTRYAS) ESPORTS;1-2;1;2;2;SPAIN;NETHERLANDS
2021-03-06 00:10:00;MELTOSIK;KRAY;BARCELONA (MELTOSIK) ESPORTS;REAL MADRID (KRAY) ESPORTS;3-3;3;3;0;BARCELONA;REAL MADRID
2021-03-06 00:22:00;BOULEVARD_PROSPECT;MELTOSIK;BAYERN (BOULEVARD_PROSPECT) ESPORTS;BARCELONA (MELTOSIK) ESPORTS;1-2;1;2;2;BAYERN;BARCELONA
2021-03-06 00:22:00;KRAY;LABOTRYAS;REAL MADRID (KRAY) ESPORTS;LIVERPOOL (LABOTRYAS) ESPORTS;0-1;0;1;2;REAL MADRID;LIVERPOOL
2021-03-06 00:34:00;LABOTRYAS;BOULEVARD_PROSPECT;LIVERPOOL (LABOTRYAS) ESPORTS;BAYERN (BOULEVARD_PROSPECT) ESPORTS;2-1;2;1;1;LIVERPOOL;BAYERN
2021-03-06 00:46:00;BOULEVARD_PROSPECT;KRAY;BAYERN (BOULEVARD_PROSPECT) ESPORTS;REAL MADRID (KRAY) ESPORTS;2-1;2;1;1;BAYERN;REAL MADRID
2021-03-06 00:58:00;LABOTRYAS;MELTOSIK;LIVERPOOL (LABOTRYAS) ESPORTS;BARCELONA (MELTOSIK) ESPORTS;2-2;2;2;0;LIVERPOOL;BARCELONA
2021-03-06 01:10:00;KRAY;MELTOSIK;REAL MADRID (KRAY) ESPORTS;BARCELONA (MELTOSIK) ESPORTS;2-2;2;2;0;REAL MADRID;BARCELONA
2021-03-06 01:22:00;LABOTRYAS;KRAY;LIVERPOOL (LABOTRYAS) ESPORTS;REAL MADRID (KRAY) ESPORTS;2-0;2;0;1;LIVERPOOL;REAL MADRID
2021-03-06 01:22:00;MELTOSIK;BOULEVARD_PROSPECT;BARCELONA (MELTOSIK) ESPORTS;BAYERN (BOULEVARD_PROSPECT) ESPORTS;0-1;0;1;2;BARCELONA;BAYERN
2021-03-06 01:34:00;BOULEVARD_PROSPECT;LABOTRYAS;BAYERN (BOULEVARD_PROSPECT) ESPORTS;LIVERPOOL (LABOTRYAS) ESPORTS;4-1;4;1;1;BAYERN;LIVERPOOL
2021-03-06 01:46:00;KRAY;BOULEVARD_PROSPECT;REAL MADRID (KRAY) ESPORTS;BAYERN (BOULEVARD_PROSPECT) ESPORTS;1-1;1;1;0;REAL MADRID;BAYERN
2021-03-06 01:58:00;MELTOSIK;LABOTRYAS;BARCELONA (MELTOSIK) ESPORTS;LIVERPOOL (LABOTRYAS) ESPORTS;2-2;2;2;0;BARCELONA;LIVERPOOL
2021-03-06 02:00:00;REBELS;LION;CSKA (REBELS) ESPORTS;D.KIEV (LION) ESPORTS;1-0;1;0;1;CSKA;D.KIEV
2021-03-06 02:00:00;NAZARIO;KRAVARK;S.MOSCOW (NAZARIO) ESPORTS;L.MOSCOW (KRAVARK) ESPORTS;0-2;0;2;2;S.MOSCOW;L.MOSCOW
2021-03-06 02:12:00;LION;STRATEG;D.KIEV (LION) ESPORTS;SHAKHTAR (STRATEG) ESPORTS;2-2;2;2;0;D.KIEV;SHAKHTAR
2021-03-06 02:12:00;KRAVARK;REBELS;L.MOSCOW (KRAVARK) ESPORTS;CSKA (REBELS) ESPORTS;0-0;0;0;0;L.MOSCOW;CSKA
2021-03-06 02:24:00;REBELS;NAZARIO;CSKA (REBELS) ESPORTS;S.MOSCOW (NAZARIO) ESPORTS;4-1;4;1;1;CSKA;S.MOSCOW
2021-03-06 02:24:00;STRATEG;KRAVARK;SHAKHTAR (STRATEG) ESPORTS;L.MOSCOW (KRAVARK) ESPORTS;1-1;1;1;0;SHAKHTAR;L.MOSCOW
2021-03-06 02:36:00;NAZARIO;STRATEG;S.MOSCOW (NAZARIO) ESPORTS;SHAKHTAR (STRATEG) ESPORTS;1-0;1;0;1;S.MOSCOW;SHAKHTAR
2021-03-06 02:36:00;KRAVARK;LION;L.MOSCOW (KRAVARK) ESPORTS;D.KIEV (LION) ESPORTS;0-2;0;2;2;L.MOSCOW;D.KIEV
2021-03-06 02:48:00;LION;NAZARIO;D.KIEV (LION) ESPORTS;S.MOSCOW (NAZARIO) ESPORTS;0-0;0;0;0;D.KIEV;S.MOSCOW
2021-03-06 02:48:00;STRATEG;REBELS;SHAKHTAR (STRATEG) ESPORTS;CSKA (REBELS) ESPORTS;1-1;1;1;0;SHAKHTAR;CSKA
2021-03-06 03:00:00;KRAVARK;NAZARIO;L.MOSCOW (KRAVARK) ESPORTS;S.MOSCOW (NAZARIO) ESPORTS;3-2;3;2;1;L.MOSCOW;S.MOSCOW
2021-03-06 03:00:00;LION;REBELS;D.KIEV (LION) ESPORTS;CSKA (REBELS) ESPORTS;0-0;0;0;0;D.KIEV;CSKA
2021-03-06 03:12:00;REBELS;KRAVARK;CSKA (REBELS) ESPORTS;L.MOSCOW (KRAVARK) ESPORTS;1-1;1;1;0;CSKA;L.MOSCOW
2021-03-06 03:12:00;STRATEG;LION;SHAKHTAR (STRATEG) ESPORTS;D.KIEV (LION) ESPORTS;3-0;3;0;1;SHAKHTAR;D.KIEV
2021-03-06 03:24:00;NAZARIO;REBELS;S.MOSCOW (NAZARIO) ESPORTS;CSKA (REBELS) ESPORTS;1-4;1;4;2;S.MOSCOW;CSKA
2021-03-06 03:24:00;KRAVARK;STRATEG;L.MOSCOW (KRAVARK) ESPORTS;SHAKHTAR (STRATEG) ESPORTS;0-3;0;3;2;L.MOSCOW;SHAKHTAR
2021-03-06 03:36:00;STRATEG;NAZARIO;SHAKHTAR (STRATEG) ESPORTS;S.MOSCOW (NAZARIO) ESPORTS;1-0;1;0;1;SHAKHTAR;S.MOSCOW
2021-03-06 03:36:00;LION;KRAVARK;D.KIEV (LION) ESPORTS;L.MOSCOW (KRAVARK) ESPORTS;0-1;0;1;2;D.KIEV;L.MOSCOW
2021-03-06 03:48:00;NAZARIO;LION;S.MOSCOW (NAZARIO) ESPORTS;D.KIEV (LION) ESPORTS;2-3;2;3;2;S.MOSCOW;D.KIEV
2021-03-06 03:48:00;REBELS;STRATEG;CSKA (REBELS) ESPORTS;SHAKHTAR (STRATEG) ESPORTS;2-0;2;0;1;CSKA;SHAKHTAR
2021-03-06 04:10:00;REBELS;LION;BARCELONA (REBELS) ESPORTS;REAL MADRID (LION) ESPORTS;0-2;0;2;2;BARCELONA;REAL MADRID
2021-03-06 04:10:00;NAZARIO;KRAVARK;PSG (NAZARIO) ESPORTS;BAYERN (KRAVARK) ESPORTS;1-1;1;1;0;PSG;BAYERN
2021-03-06 04:22:00;KRAVARK;REBELS;BAYERN (KRAVARK) ESPORTS;BARCELONA (REBELS) ESPORTS;1-1;1;1;0;BAYERN;BARCELONA
2021-03-06 04:22:00;LION;STRATEG;REAL MADRID (LION) ESPORTS;LIVERPOOL (STRATEG) ESPORTS;3-0;3;0;1;REAL MADRID;LIVERPOOL
2021-03-06 04:34:00;REBELS;NAZARIO;BARCELONA (REBELS) ESPORTS;PSG (NAZARIO) ESPORTS;2-1;2;1;1;BARCELONA;PSG
2021-03-06 04:34:00;STRATEG;KRAVARK;LIVERPOOL (STRATEG) ESPORTS;BAYERN (KRAVARK) ESPORTS;0-0;0;0;0;LIVERPOOL;BAYERN
2021-03-06 04:46:00;NAZARIO;STRATEG;PSG (NAZARIO) ESPORTS;LIVERPOOL (STRATEG) ESPORTS;1-1;1;1;0;PSG;LIVERPOOL
2021-03-06 04:46:00;KRAVARK;LION;BAYERN (KRAVARK) ESPORTS;REAL MADRID (LION) ESPORTS;1-2;1;2;2;BAYERN;REAL MADRID
2021-03-06 04:58:00;LION;NAZARIO;REAL MADRID (LION) ESPORTS;PSG (NAZARIO) ESPORTS;1-3;1;3;2;REAL MADRID;PSG
2021-03-06 04:58:00;STRATEG;REBELS;LIVERPOOL (STRATEG) ESPORTS;BARCELONA (REBELS) ESPORTS;1-3;1;3;2;LIVERPOOL;BARCELONA
2021-03-06 05:10:00;KRAVARK;NAZARIO;BAYERN (KRAVARK) ESPORTS;PSG (NAZARIO) ESPORTS;2-2;2;2;0;BAYERN;PSG
2021-03-06 05:10:00;LION;REBELS;REAL MADRID (LION) ESPORTS;BARCELONA (REBELS) ESPORTS;3-0;3;0;1;REAL MADRID;BARCELONA
2021-03-06 05:22:00;REBELS;KRAVARK;BARCELONA (REBELS) ESPORTS;BAYERN (KRAVARK) ESPORTS;3-0;3;0;1;BARCELONA;BAYERN
2021-03-06 05:22:00;STRATEG;LION;LIVERPOOL (STRATEG) ESPORTS;REAL MADRID (LION) ESPORTS;0-8;0;8;2;LIVERPOOL;REAL MADRID
2021-03-06 05:34:00;KRAVARK;STRATEG;BAYERN (KRAVARK) ESPORTS;LIVERPOOL (STRATEG) ESPORTS;2-1;2;1;1;BAYERN;LIVERPOOL
2021-03-06 05:34:00;NAZARIO;REBELS;PSG (NAZARIO) ESPORTS;BARCELONA (REBELS) ESPORTS;0-1;0;1;2;PSG;BARCELONA
2021-03-06 05:46:00;LION;KRAVARK;REAL MADRID (LION) ESPORTS;BAYERN (KRAVARK) ESPORTS;1-0;1;0;1;REAL MADRID;BAYERN
2021-03-06 05:46:00;STRATEG;NAZARIO;LIVERPOOL (STRATEG) ESPORTS;PSG (NAZARIO) ESPORTS;3-2;3;2;1;LIVERPOOL;PSG
2021-03-06 05:58:00;NAZARIO;LION;PSG (NAZARIO) ESPORTS;REAL MADRID (LION) ESPORTS;0-3;0;3;2;PSG;REAL MADRID
2021-03-06 05:58:00;REBELS;STRATEG;BARCELONA (REBELS) ESPORTS;LIVERPOOL (STRATEG) ESPORTS;4-1;4;1;1;BARCELONA;LIVERPOOL
2021-03-06 06:20:00;NAZARIO;KRAVARK;LIVERPOOL (NAZARIO) ESPORTS;MAN CITY (KRAVARK) ESPORTS;2-3;2;3;2;LIVERPOOL;MAN CITY
2021-03-06 06:20:00;REBELS;LION;TOTTENHAM (REBELS) ESPORTS;CHELSEA (LION) ESPORTS;2-0;2;0;1;TOTTENHAM;CHELSEA
2021-03-06 06:32:00;KRAVARK;REBELS;MAN CITY (KRAVARK) ESPORTS;TOTTENHAM (REBELS) ESPORTS;1-2;1;2;2;MAN CITY;TOTTENHAM
2021-03-06 06:32:00;LION;STRATEG;CHELSEA (LION) ESPORTS;MAN UTD (STRATEG) ESPORTS;4-1;4;1;1;CHELSEA;MAN UTD
2021-03-06 06:44:00;REBELS;NAZARIO;TOTTENHAM (REBELS) ESPORTS;LIVERPOOL (NAZARIO) ESPORTS;4-0;4;0;1;TOTTENHAM;LIVERPOOL
2021-03-06 06:44:00;STRATEG;KRAVARK;MAN UTD (STRATEG) ESPORTS;MAN CITY (KRAVARK) ESPORTS;2-8;2;8;2;MAN UTD;MAN CITY
2021-03-06 06:56:00;NAZARIO;STRATEG;LIVERPOOL (NAZARIO) ESPORTS;MAN UTD (STRATEG) ESPORTS;2-2;2;2;0;LIVERPOOL;MAN UTD
2021-03-06 06:56:00;KRAVARK;LION;MAN CITY (KRAVARK) ESPORTS;CHELSEA (LION) ESPORTS;1-1;1;1;0;MAN CITY;CHELSEA
2021-03-06 07:08:00;LION;NAZARIO;CHELSEA (LION) ESPORTS;LIVERPOOL (NAZARIO) ESPORTS;4-2;4;2;1;CHELSEA;LIVERPOOL
2021-03-06 07:20:00;KRAVARK;NAZARIO;MAN CITY (KRAVARK) ESPORTS;LIVERPOOL (NAZARIO) ESPORTS;1-0;1;0;1;MAN CITY;LIVERPOOL
2021-03-06 07:20:00;LION;REBELS;CHELSEA (LION) ESPORTS;TOTTENHAM (REBELS) ESPORTS;1-2;1;2;2;CHELSEA;TOTTENHAM
2021-03-06 07:32:00;REBELS;KRAVARK;TOTTENHAM (REBELS) ESPORTS;MAN CITY (KRAVARK) ESPORTS;1-1;1;1;0;TOTTENHAM;MAN CITY
2021-03-06 07:32:00;STRATEG;LION;MAN UTD (STRATEG) ESPORTS;CHELSEA (LION) ESPORTS;1-2;1;2;2;MAN UTD;CHELSEA
2021-03-06 07:44:00;KRAVARK;STRATEG;MAN CITY (KRAVARK) ESPORTS;MAN UTD (STRATEG) ESPORTS;2-1;2;1;1;MAN CITY;MAN UTD
2021-03-06 07:44:00;NAZARIO;REBELS;LIVERPOOL (NAZARIO) ESPORTS;TOTTENHAM (REBELS) ESPORTS;0-2;0;2;2;LIVERPOOL;TOTTENHAM
2021-03-06 07:56:00;STRATEG;NAZARIO;MAN UTD (STRATEG) ESPORTS;LIVERPOOL (NAZARIO) ESPORTS;3-1;3;1;1;MAN UTD;LIVERPOOL
2021-03-06 07:56:00;LION;KRAVARK;CHELSEA (LION) ESPORTS;MAN CITY (KRAVARK) ESPORTS;1-1;1;1;0;CHELSEA;MAN CITY
2021-03-06 08:08:00;REBELS;STRATEG;TOTTENHAM (REBELS) ESPORTS;MAN UTD (STRATEG) ESPORTS;1-0;1;0;1;TOTTENHAM;MAN UTD
2021-03-06 08:08:00;NAZARIO;LION;LIVERPOOL (NAZARIO) ESPORTS;CHELSEA (LION) ESPORTS;1-3;1;3;2;LIVERPOOL;CHELSEA
2021-03-06 08:20:00;STRATEG;REBELS;MAN UTD (STRATEG) ESPORTS;TOTTENHAM (REBELS) ESPORTS;0-1;0;1;2;MAN UTD;TOTTENHAM
2021-03-06 08:40:00;NIKKITTA;ORLOVSKY1;BRAZIL (NIKKITTA) ESPORTS;BELGIUM (ORLOVSKY1) ESPORTS;0-2;0;2;2;BRAZIL;BELGIUM
2021-03-06 08:40:00;FOGGY;DM1TRENA;FRANCE (FOGGY) ESPORTS;PORTUGAL (DM1TRENA) ESPORTS;0-0;0;0;0;FRANCE;PORTUGAL
2021-03-06 08:52:00;DM1TRENA;NIKKITTA;PORTUGAL (DM1TRENA) ESPORTS;BRAZIL (NIKKITTA) ESPORTS;1-1;1;1;0;PORTUGAL;BRAZIL
2021-03-06 08:52:00;ORLOVSKY1;SLEZAINTIMA;BELGIUM (ORLOVSKY1) ESPORTS;GERMANY (SLEZAINTIMA) ESPORTS;4-2;4;2;1;BELGIUM;GERMANY
2021-03-06 09:04:00;NIKKITTA;FOGGY;BRAZIL (NIKKITTA) ESPORTS;FRANCE (FOGGY) ESPORTS;0-2;0;2;2;BRAZIL;FRANCE
2021-03-06 09:04:00;SLEZAINTIMA;DM1TRENA;GERMANY (SLEZAINTIMA) ESPORTS;PORTUGAL (DM1TRENA) ESPORTS;1-1;1;1;0;GERMANY;PORTUGAL
2021-03-06 09:16:00;FOGGY;SLEZAINTIMA;FRANCE (FOGGY) ESPORTS;GERMANY (SLEZAINTIMA) ESPORTS;3-2;3;2;1;FRANCE;GERMANY
2021-03-06 09:16:00;DM1TRENA;ORLOVSKY1;PORTUGAL (DM1TRENA) ESPORTS;BELGIUM (ORLOVSKY1) ESPORTS;1-4;1;4;2;PORTUGAL;BELGIUM
2021-03-06 09:28:00;SLEZAINTIMA;NIKKITTA;GERMANY (SLEZAINTIMA) ESPORTS;BRAZIL (NIKKITTA) ESPORTS;1-0;1;0;1;GERMANY;BRAZIL
2021-03-06 09:28:00;ORLOVSKY1;FOGGY;BELGIUM (ORLOVSKY1) ESPORTS;FRANCE (FOGGY) ESPORTS;0-3;0;3;2;BELGIUM;FRANCE
2021-03-06 09:40:00;DM1TRENA;FOGGY;PORTUGAL (DM1TRENA) ESPORTS;FRANCE (FOGGY) ESPORTS;2-1;2;1;1;PORTUGAL;FRANCE
2021-03-06 09:40:00;ORLOVSKY1;NIKKITTA;BELGIUM (ORLOVSKY1) ESPORTS;BRAZIL (NIKKITTA) ESPORTS;2-1;2;1;1;BELGIUM;BRAZIL
2021-03-06 09:52:00;SLEZAINTIMA;ORLOVSKY1;GERMANY (SLEZAINTIMA) ESPORTS;BELGIUM (ORLOVSKY1) ESPORTS;0-2;0;2;2;GERMANY;BELGIUM
2021-03-06 09:52:00;NIKKITTA;DM1TRENA;BRAZIL (NIKKITTA) ESPORTS;PORTUGAL (DM1TRENA) ESPORTS;2-0;2;0;1;BRAZIL;PORTUGAL
2021-03-06 10:04:00;FOGGY;NIKKITTA;FRANCE (FOGGY) ESPORTS;BRAZIL (NIKKITTA) ESPORTS;1-1;1;1;0;FRANCE;BRAZIL
2021-03-06 10:04:00;DM1TRENA;SLEZAINTIMA;PORTUGAL (DM1TRENA) ESPORTS;GERMANY (SLEZAINTIMA) ESPORTS;1-3;1;3;2;PORTUGAL;GERMANY
2021-03-06 10:16:00;ORLOVSKY1;DM1TRENA;BELGIUM (ORLOVSKY1) ESPORTS;PORTUGAL (DM1TRENA) ESPORTS;2-5;2;5;2;BELGIUM;PORTUGAL
2021-03-06 10:16:00;SLEZAINTIMA;FOGGY;GERMANY (SLEZAINTIMA) ESPORTS;FRANCE (FOGGY) ESPORTS;2-2;2;2;0;GERMANY;FRANCE
2021-03-06 10:28:00;FOGGY;ORLOVSKY1;FRANCE (FOGGY) ESPORTS;BELGIUM (ORLOVSKY1) ESPORTS;2-1;2;1;1;FRANCE;BELGIUM
2021-03-06 10:28:00;NIKKITTA;SLEZAINTIMA;BRAZIL (NIKKITTA) ESPORTS;GERMANY (SLEZAINTIMA) ESPORTS;0-2;0;2;2;BRAZIL;GERMANY
2021-03-06 10:50:00;NIKKITTA;ORLOVSKY1;LEICESTER (NIKKITTA) ESPORTS;ARSENAL (ORLOVSKY1) ESPORTS;2-1;2;1;1;LEICESTER;ARSENAL
2021-03-06 10:50:00;FOGGY;DM1TRENA;AC MILAN (FOGGY) ESPORTS;BAYER 04 (DM1TRENA) ESPORTS;0-1;0;1;2;AC MILAN;BAYER 04
2021-03-06 11:02:00;DM1TRENA;NIKKITTA;BAYER 04 (DM1TRENA) ESPORTS;LEICESTER (NIKKITTA) ESPORTS;2-0;2;0;1;BAYER 04;LEICESTER
2021-03-06 11:02:00;ORLOVSKY1;SLEZAINTIMA;ARSENAL (ORLOVSKY1) ESPORTS;NAPOLI (SLEZAINTIMA) ESPORTS;1-2;1;2;2;ARSENAL;NAPOLI
2021-03-06 11:14:00;NIKKITTA;FOGGY;LEICESTER (NIKKITTA) ESPORTS;AC MILAN (FOGGY) ESPORTS;2-0;2;0;1;LEICESTER;AC MILAN
2021-03-06 11:14:00;SLEZAINTIMA;DM1TRENA;NAPOLI (SLEZAINTIMA) ESPORTS;BAYER 04 (DM1TRENA) ESPORTS;1-1;1;1;0;NAPOLI;BAYER 04
2021-03-06 11:26:00;FOGGY;SLEZAINTIMA;AC MILAN (FOGGY) ESPORTS;NAPOLI (SLEZAINTIMA) ESPORTS;0-0;0;0;0;AC MILAN;NAPOLI
2021-03-06 11:26:00;DM1TRENA;ORLOVSKY1;BAYER 04 (DM1TRENA) ESPORTS;ARSENAL (ORLOVSKY1) ESPORTS;3-3;3;3;0;BAYER 04;ARSENAL
2021-03-06 11:38:00;ORLOVSKY1;FOGGY;ARSENAL (ORLOVSKY1) ESPORTS;AC MILAN (FOGGY) ESPORTS;0-0;0;0;0;ARSENAL;AC MILAN
2021-03-06 11:38:00;SLEZAINTIMA;NIKKITTA;NAPOLI (SLEZAINTIMA) ESPORTS;LEICESTER (NIKKITTA) ESPORTS;0-1;0;1;2;NAPOLI;LEICESTER
2021-03-06 11:50:00;ORLOVSKY1;NIKKITTA;ARSENAL (ORLOVSKY1) ESPORTS;LEICESTER (NIKKITTA) ESPORTS;0-2;0;2;2;ARSENAL;LEICESTER
2021-03-06 11:50:00;DM1TRENA;FOGGY;BAYER 04 (DM1TRENA) ESPORTS;AC MILAN (FOGGY) ESPORTS;2-1;2;1;1;BAYER 04;AC MILAN
2021-03-06 12:02:00;NIKKITTA;DM1TRENA;LEICESTER (NIKKITTA) ESPORTS;BAYER 04 (DM1TRENA) ESPORTS;1-4;1;4;2;LEICESTER;BAYER 04
2021-03-06 12:02:00;SLEZAINTIMA;ORLOVSKY1;NAPOLI (SLEZAINTIMA) ESPORTS;ARSENAL (ORLOVSKY1) ESPORTS;0-4;0;4;2;NAPOLI;ARSENAL
2021-03-06 12:14:00;DM1TRENA;SLEZAINTIMA;BAYER 04 (DM1TRENA) ESPORTS;NAPOLI (SLEZAINTIMA) ESPORTS;0-0;0;0;0;BAYER 04;NAPOLI
2021-03-06 12:14:00;FOGGY;NIKKITTA;AC MILAN (FOGGY) ESPORTS;LEICESTER (NIKKITTA) ESPORTS;2-0;2;0;1;AC MILAN;LEICESTER
2021-03-06 12:26:00;SLEZAINTIMA;FOGGY;NAPOLI (SLEZAINTIMA) ESPORTS;AC MILAN (FOGGY) ESPORTS;1-1;1;1;0;NAPOLI;AC MILAN
2021-03-06 12:26:00;ORLOVSKY1;DM1TRENA;ARSENAL (ORLOVSKY1) ESPORTS;BAYER 04 (DM1TRENA) ESPORTS;1-1;1;1;0;ARSENAL;BAYER 04
2021-03-06 12:38:00;FOGGY;ORLOVSKY1;AC MILAN (FOGGY) ESPORTS;ARSENAL (ORLOVSKY1) ESPORTS;1-2;1;2;2;AC MILAN;ARSENAL
2021-03-06 12:38:00;NIKKITTA;SLEZAINTIMA;LEICESTER (NIKKITTA) ESPORTS;NAPOLI (SLEZAINTIMA) ESPORTS;2-0;2;0;1;LEICESTER;NAPOLI
2021-03-06 13:10:00;FOGGY;DM1TRENA;PSG (FOGGY) ESPORTS;LIVERPOOL (DM1TRENA) ESPORTS;1-0;1;0;1;PSG;LIVERPOOL
2021-03-06 13:10:00;NIKKITTA;ORLOVSKY1;BARCELONA (NIKKITTA) ESPORTS;BAYERN (ORLOVSKY1) ESPORTS;2-2;2;2;0;BARCELONA;BAYERN
2021-03-06 13:22:00;ORLOVSKY1;SLEZAINTIMA;BAYERN (ORLOVSKY1) ESPORTS;REAL MADRID (SLEZAINTIMA) ESPORTS;1-2;1;2;2;BAYERN;REAL MADRID
2021-03-06 13:22:00;DM1TRENA;NIKKITTA;LIVERPOOL (DM1TRENA) ESPORTS;BARCELONA (NIKKITTA) ESPORTS;2-2;2;2;0;LIVERPOOL;BARCELONA
2021-03-06 13:34:00;NIKKITTA;FOGGY;BARCELONA (NIKKITTA) ESPORTS;PSG (FOGGY) ESPORTS;3-0;3;0;1;BARCELONA;PSG
2021-03-06 13:34:00;SLEZAINTIMA;DM1TRENA;REAL MADRID (SLEZAINTIMA) ESPORTS;LIVERPOOL (DM1TRENA) ESPORTS;2-1;2;1;1;REAL MADRID;LIVERPOOL
2021-03-06 13:46:00;FOGGY;SLEZAINTIMA;PSG (FOGGY) ESPORTS;REAL MADRID (SLEZAINTIMA) ESPORTS;1-2;1;2;2;PSG;REAL MADRID
2021-03-06 13:46:00;DM1TRENA;ORLOVSKY1;LIVERPOOL (DM1TRENA) ESPORTS;BAYERN (ORLOVSKY1) ESPORTS;2-1;2;1;1;LIVERPOOL;BAYERN
2021-03-06 13:58:00;ORLOVSKY1;FOGGY;BAYERN (ORLOVSKY1) ESPORTS;PSG (FOGGY) ESPORTS;1-4;1;4;2;BAYERN;PSG
2021-03-06 13:58:00;SLEZAINTIMA;NIKKITTA;REAL MADRID (SLEZAINTIMA) ESPORTS;BARCELONA (NIKKITTA) ESPORTS;0-0;0;0;0;REAL MADRID;BARCELONA
2021-03-06 14:10:00;ORLOVSKY1;NIKKITTA;BAYERN (ORLOVSKY1) ESPORTS;BARCELONA (NIKKITTA) ESPORTS;0-1;0;1;2;BAYERN;BARCELONA
2021-03-06 14:10:00;DM1TRENA;FOGGY;LIVERPOOL (DM1TRENA) ESPORTS;PSG (FOGGY) ESPORTS;2-2;2;2;0;LIVERPOOL;PSG
2021-03-06 14:22:00;NIKKITTA;DM1TRENA;BARCELONA (NIKKITTA) ESPORTS;LIVERPOOL (DM1TRENA) ESPORTS;2-0;2;0;1;BARCELONA;LIVERPOOL
2021-03-06 14:22:00;SLEZAINTIMA;ORLOVSKY1;REAL MADRID (SLEZAINTIMA) ESPORTS;BAYERN (ORLOVSKY1) ESPORTS;2-0;2;0;1;REAL MADRID;BAYERN
2021-03-06 14:34:00;DM1TRENA;SLEZAINTIMA;LIVERPOOL (DM1TRENA) ESPORTS;REAL MADRID (SLEZAINTIMA) ESPORTS;1-2;1;2;2;LIVERPOOL;REAL MADRID
2021-03-06 14:34:00;FOGGY;NIKKITTA;PSG (FOGGY) ESPORTS;BARCELONA (NIKKITTA) ESPORTS;4-1;4;1;1;PSG;BARCELONA
2021-03-06 14:46:00;SLEZAINTIMA;FOGGY;REAL MADRID (SLEZAINTIMA) ESPORTS;PSG (FOGGY) ESPORTS;2-0;2;0;1;REAL MADRID;PSG
2021-03-06 14:46:00;ORLOVSKY1;DM1TRENA;BAYERN (ORLOVSKY1) ESPORTS;LIVERPOOL (DM1TRENA) ESPORTS;1-1;1;1;0;BAYERN;LIVERPOOL
2021-03-06 14:58:00;FOGGY;ORLOVSKY1;PSG (FOGGY) ESPORTS;BAYERN (ORLOVSKY1) ESPORTS;0-1;0;1;2;PSG;BAYERN
2021-03-06 14:58:00;NIKKITTA;SLEZAINTIMA;BARCELONA (NIKKITTA) ESPORTS;REAL MADRID (SLEZAINTIMA) ESPORTS;2-2;2;2;0;BARCELONA;REAL MADRID
2021-03-06 15:20:00;NIKKITTA;ORLOVSKY1;LAZIO (NIKKITTA) ESPORTS;NAPOLI (ORLOVSKY1) ESPORTS;0-2;0;2;2;LAZIO;NAPOLI
2021-03-06 15:20:00;FOGGY;DM1TRENA;INTER MILAN (FOGGY) ESPORTS;AC MILAN (DM1TRENA) ESPORTS;0-0;0;0;0;INTER MILAN;AC MILAN
2021-03-06 15:32:00;DM1TRENA;NIKKITTA;AC MILAN (DM1TRENA) ESPORTS;LAZIO (NIKKITTA) ESPORTS;1-1;1;1;0;AC MILAN;LAZIO
2021-03-06 15:32:00;ORLOVSKY1;SLEZAINTIMA;NAPOLI (ORLOVSKY1) ESPORTS;ATALANTA (SLEZAINTIMA) ESPORTS;1-1;1;1;0;NAPOLI;ATALANTA
2021-03-06 15:44:00;SLEZAINTIMA;DM1TRENA;ATALANTA (SLEZAINTIMA) ESPORTS;AC MILAN (DM1TRENA) ESPORTS;1-2;1;2;2;ATALANTA;AC MILAN
2021-03-06 15:44:00;NIKKITTA;FOGGY;LAZIO (NIKKITTA) ESPORTS;INTER MILAN (FOGGY) ESPORTS;0-2;0;2;2;LAZIO;INTER MILAN
2021-03-06 15:56:00;FOGGY;SLEZAINTIMA;INTER MILAN (FOGGY) ESPORTS;ATALANTA (SLEZAINTIMA) ESPORTS;6-1;6;1;1;INTER MILAN;ATALANTA
2021-03-06 15:56:00;DM1TRENA;ORLOVSKY1;AC MILAN (DM1TRENA) ESPORTS;NAPOLI (ORLOVSKY1) ESPORTS;3-2;3;2;1;AC MILAN;NAPOLI
2021-03-06 16:08:00;ORLOVSKY1;FOGGY;NAPOLI (ORLOVSKY1) ESPORTS;INTER MILAN (FOGGY) ESPORTS;3-4;3;4;2;NAPOLI;INTER MILAN
2021-03-06 16:08:00;SLEZAINTIMA;NIKKITTA;ATALANTA (SLEZAINTIMA) ESPORTS;LAZIO (NIKKITTA) ESPORTS;0-2;0;2;2;ATALANTA;LAZIO
2021-03-06 16:20:00;DM1TRENA;FOGGY;AC MILAN (DM1TRENA) ESPORTS;INTER MILAN (FOGGY) ESPORTS;1-1;1;1;0;AC MILAN;INTER MILAN
2021-03-06 16:20:00;ORLOVSKY1;NIKKITTA;NAPOLI (ORLOVSKY1) ESPORTS;LAZIO (NIKKITTA) ESPORTS;2-2;2;2;0;NAPOLI;LAZIO
2021-03-06 16:32:00;NIKKITTA;DM1TRENA;LAZIO (NIKKITTA) ESPORTS;AC MILAN (DM1TRENA) ESPORTS;0-0;0;0;0;LAZIO;AC MILAN
2021-03-06 16:32:00;SLEZAINTIMA;ORLOVSKY1;ATALANTA (SLEZAINTIMA) ESPORTS;NAPOLI (ORLOVSKY1) ESPORTS;3-0;3;0;1;ATALANTA;NAPOLI
2021-03-06 16:44:00;FOGGY;NIKKITTA;INTER MILAN (FOGGY) ESPORTS;LAZIO (NIKKITTA) ESPORTS;0-1;0;1;2;INTER MILAN;LAZIO
2021-03-06 16:44:00;DM1TRENA;SLEZAINTIMA;AC MILAN (DM1TRENA) ESPORTS;ATALANTA (SLEZAINTIMA) ESPORTS;3-1;3;1;1;AC MILAN;ATALANTA
2021-03-06 16:56:00;SLEZAINTIMA;FOGGY;ATALANTA (SLEZAINTIMA) ESPORTS;INTER MILAN (FOGGY) ESPORTS;0-2;0;2;2;ATALANTA;INTER MILAN
2021-03-06 16:56:00;ORLOVSKY1;DM1TRENA;NAPOLI (ORLOVSKY1) ESPORTS;AC MILAN (DM1TRENA) ESPORTS;2-2;2;2;0;NAPOLI;AC MILAN
2021-03-06 17:08:00;FOGGY;ORLOVSKY1;INTER MILAN (FOGGY) ESPORTS;NAPOLI (ORLOVSKY1) ESPORTS;3-1;3;1;1;INTER MILAN;NAPOLI
2021-03-06 17:08:00;NIKKITTA;SLEZAINTIMA;LAZIO (NIKKITTA) ESPORTS;ATALANTA (SLEZAINTIMA) ESPORTS;0-1;0;1;2;LAZIO;ATALANTA
2021-03-06 17:40:00;JKEY;BOMBI1T0;TOTTENHAM (JKEY) ESPORTS;MAN UTD (BOMBI1T0) ESPORTS;1-3;1;3;2;TOTTENHAM;MAN UTD
2021-03-06 17:40:00;HOTSHOT;ARCOS;CHELSEA (HOTSHOT) ESPORTS;LIVERPOOL (ARCOS) ESPORTS;2-1;2;1;1;CHELSEA;LIVERPOOL
2021-03-06 17:52:00;ARCOS;JKEY;LIVERPOOL (ARCOS) ESPORTS;TOTTENHAM (JKEY) ESPORTS;0-1;0;1;2;LIVERPOOL;TOTTENHAM
2021-03-06 17:52:00;BOMBI1T0;VRICO;MAN UTD (BOMBI1T0) ESPORTS;MAN CITY (VRICO) ESPORTS;0-0;0;0;0;MAN UTD;MAN CITY
2021-03-06 18:04:00;VRICO;ARCOS;MAN CITY (VRICO) ESPORTS;LIVERPOOL (ARCOS) ESPORTS;2-0;2;0;1;MAN CITY;LIVERPOOL
2021-03-06 18:04:00;JKEY;HOTSHOT;TOTTENHAM (JKEY) ESPORTS;CHELSEA (HOTSHOT) ESPORTS;0-1;0;1;2;TOTTENHAM;CHELSEA
2021-03-06 18:16:00;HOTSHOT;VRICO;CHELSEA (HOTSHOT) ESPORTS;MAN CITY (VRICO) ESPORTS;0-1;0;1;2;CHELSEA;MAN CITY
2021-03-06 18:16:00;ARCOS;BOMBI1T0;LIVERPOOL (ARCOS) ESPORTS;MAN UTD (BOMBI1T0) ESPORTS;0-0;0;0;0;LIVERPOOL;MAN UTD
2021-03-06 18:28:00;BOMBI1T0;HOTSHOT;MAN UTD (BOMBI1T0) ESPORTS;CHELSEA (HOTSHOT) ESPORTS;2-0;2;0;1;MAN UTD;CHELSEA
2021-03-06 18:28:00;VRICO;JKEY;MAN CITY (VRICO) ESPORTS;TOTTENHAM (JKEY) ESPORTS;3-0;3;0;1;MAN CITY;TOTTENHAM
2021-03-06 18:40:00;ARCOS;HOTSHOT;LIVERPOOL (ARCOS) ESPORTS;CHELSEA (HOTSHOT) ESPORTS;3-1;3;1;1;LIVERPOOL;CHELSEA
2021-03-06 18:40:00;BOMBI1T0;JKEY;MAN UTD (BOMBI1T0) ESPORTS;TOTTENHAM (JKEY) ESPORTS;0-2;0;2;2;MAN UTD;TOTTENHAM
2021-03-06 18:52:00;JKEY;ARCOS;TOTTENHAM (JKEY) ESPORTS;LIVERPOOL (ARCOS) ESPORTS;1-3;1;3;2;TOTTENHAM;LIVERPOOL
2021-03-06 18:52:00;VRICO;BOMBI1T0;MAN CITY (VRICO) ESPORTS;MAN UTD (BOMBI1T0) ESPORTS;1-2;1;2;2;MAN CITY;MAN UTD
2021-03-06 19:04:00;ARCOS;VRICO;LIVERPOOL (ARCOS) ESPORTS;MAN CITY (VRICO) ESPORTS;1-3;1;3;2;LIVERPOOL;MAN CITY
2021-03-06 19:04:00;HOTSHOT;JKEY;CHELSEA (HOTSHOT) ESPORTS;TOTTENHAM (JKEY) ESPORTS;2-2;2;2;0;CHELSEA;TOTTENHAM
2021-03-06 19:16:00;VRICO;HOTSHOT;MAN CITY (VRICO) ESPORTS;CHELSEA (HOTSHOT) ESPORTS;2-0;2;0;1;MAN CITY;CHELSEA
2021-03-06 19:16:00;BOMBI1T0;ARCOS;MAN UTD (BOMBI1T0) ESPORTS;LIVERPOOL (ARCOS) ESPORTS;1-1;1;1;0;MAN UTD;LIVERPOOL
2021-03-06 19:28:00;HOTSHOT;BOMBI1T0;CHELSEA (HOTSHOT) ESPORTS;MAN UTD (BOMBI1T0) ESPORTS;1-0;1;0;1;CHELSEA;MAN UTD
2021-03-06 19:28:00;JKEY;VRICO;TOTTENHAM (JKEY) ESPORTS;MAN CITY (VRICO) ESPORTS;1-3;1;3;2;TOTTENHAM;MAN CITY
2021-03-06 19:50:00;JKEY;BOMBI1T0;REAL MADRID (JKEY) ESPORTS;LIVERPOOL (BOMBI1T0) ESPORTS;1-4;1;4;2;REAL MADRID;LIVERPOOL
2021-03-06 19:50:00;HOTSHOT;ARCOS;PSG (HOTSHOT) ESPORTS;BAYERN (ARCOS) ESPORTS;1-3;1;3;2;PSG;BAYERN
2021-03-06 20:02:00;ARCOS;JKEY;BAYERN (ARCOS) ESPORTS;REAL MADRID (JKEY) ESPORTS;1-3;1;3;2;BAYERN;REAL MADRID
2021-03-06 20:02:00;BOMBI1T0;VRICO;LIVERPOOL (BOMBI1T0) ESPORTS;BARCELONA (VRICO) ESPORTS;3-2;3;2;1;LIVERPOOL;BARCELONA
2021-03-06 20:14:00;JKEY;HOTSHOT;REAL MADRID (JKEY) ESPORTS;PSG (HOTSHOT) ESPORTS;2-3;2;3;2;REAL MADRID;PSG
2021-03-06 20:14:00;VRICO;ARCOS;BARCELONA (VRICO) ESPORTS;BAYERN (ARCOS) ESPORTS;1-2;1;2;2;BARCELONA;BAYERN
2021-03-06 20:26:00;HOTSHOT;VRICO;PSG (HOTSHOT) ESPORTS;BARCELONA (VRICO) ESPORTS;2-1;2;1;1;PSG;BARCELONA
2021-03-06 20:26:00;ARCOS;BOMBI1T0;BAYERN (ARCOS) ESPORTS;LIVERPOOL (BOMBI1T0) ESPORTS;1-4;1;4;2;BAYERN;LIVERPOOL
2021-03-06 20:38:00;BOMBI1T0;HOTSHOT;LIVERPOOL (BOMBI1T0) ESPORTS;PSG (HOTSHOT) ESPORTS;3-1;3;1;1;LIVERPOOL;PSG
2021-03-06 20:38:00;VRICO;JKEY;BARCELONA (VRICO) ESPORTS;REAL MADRID (JKEY) ESPORTS;1-2;1;2;2;BARCELONA;REAL MADRID
2021-03-06 20:50:00;BOMBI1T0;JKEY;LIVERPOOL (BOMBI1T0) ESPORTS;REAL MADRID (JKEY) ESPORTS;2-0;2;0;1;LIVERPOOL;REAL MADRID
2021-03-06 20:50:00;ARCOS;HOTSHOT;BAYERN (ARCOS) ESPORTS;PSG (HOTSHOT) ESPORTS;3-3;3;3;0;BAYERN;PSG
2021-03-06 21:02:00;JKEY;ARCOS;REAL MADRID (JKEY) ESPORTS;BAYERN (ARCOS) ESPORTS;1-1;1;1;0;REAL MADRID;BAYERN
2021-03-06 21:02:00;VRICO;BOMBI1T0;BARCELONA (VRICO) ESPORTS;LIVERPOOL (BOMBI1T0) ESPORTS;0-3;0;3;2;BARCELONA;LIVERPOOL
2021-03-06 21:14:00;HOTSHOT;JKEY;PSG (HOTSHOT) ESPORTS;REAL MADRID (JKEY) ESPORTS;1-0;1;0;1;PSG;REAL MADRID
2021-03-06 21:14:00;ARCOS;VRICO;BAYERN (ARCOS) ESPORTS;BARCELONA (VRICO) ESPORTS;2-2;2;2;0;BAYERN;BARCELONA
2021-03-06 21:26:00;VRICO;HOTSHOT;BARCELONA (VRICO) ESPORTS;PSG (HOTSHOT) ESPORTS;1-3;1;3;2;BARCELONA;PSG
2021-03-06 21:26:00;BOMBI1T0;ARCOS;LIVERPOOL (BOMBI1T0) ESPORTS;BAYERN (ARCOS) ESPORTS;3-0;3;0;1;LIVERPOOL;BAYERN
2021-03-06 21:38:00;HOTSHOT;BOMBI1T0;PSG (HOTSHOT) ESPORTS;LIVERPOOL (BOMBI1T0) ESPORTS;1-1;1;1;0;PSG;LIVERPOOL
2021-03-06 21:38:00;JKEY;VRICO;REAL MADRID (JKEY) ESPORTS;BARCELONA (VRICO) ESPORTS;1-1;1;1;0;REAL MADRID;BARCELONA
2021-03-06 22:10:00;JKEY;BOMBI1T0;CHELSEA (JKEY) ESPORTS;MAN CITY (BOMBI1T0) ESPORTS;1-3;1;3;2;CHELSEA;MAN CITY
2021-03-06 22:10:00;HOTSHOT;ARCOS;DORTMUND (HOTSHOT) ESPORTS;INTER MILAN (ARCOS) ESPORTS;3-1;3;1;1;DORTMUND;INTER MILAN
2021-03-06 22:22:00;ARCOS;JKEY;INTER MILAN (ARCOS) ESPORTS;CHELSEA (JKEY) ESPORTS;2-1;2;1;1;INTER MILAN;CHELSEA
2021-03-06 22:22:00;BOMBI1T0;VRICO;MAN CITY (BOMBI1T0) ESPORTS;A.MADRID (VRICO) ESPORTS;1-1;1;1;0;MAN CITY;A.MADRID
2021-03-06 22:34:00;VRICO;ARCOS;A.MADRID (VRICO) ESPORTS;INTER MILAN (ARCOS) ESPORTS;0-1;0;1;2;A.MADRID;INTER MILAN
2021-03-06 22:34:00;JKEY;HOTSHOT;CHELSEA (JKEY) ESPORTS;DORTMUND (HOTSHOT) ESPORTS;2-0;2;0;1;CHELSEA;DORTMUND
2021-03-06 22:46:00;HOTSHOT;VRICO;DORTMUND (HOTSHOT) ESPORTS;A.MADRID (VRICO) ESPORTS;2-0;2;0;1;DORTMUND;A.MADRID
2021-03-06 22:46:00;ARCOS;BOMBI1T0;INTER MILAN (ARCOS) ESPORTS;MAN CITY (BOMBI1T0) ESPORTS;1-1;1;1;0;INTER MILAN;MAN CITY
2021-03-06 22:58:00;BOMBI1T0;HOTSHOT;MAN CITY (BOMBI1T0) ESPORTS;DORTMUND (HOTSHOT) ESPORTS;2-2;2;2;0;MAN CITY;DORTMUND
2021-03-06 22:58:00;VRICO;JKEY;A.MADRID (VRICO) ESPORTS;CHELSEA (JKEY) ESPORTS;4-2;4;2;1;A.MADRID;CHELSEA
2021-03-06 23:10:00;BOMBI1T0;JKEY;MAN CITY (BOMBI1T0) ESPORTS;CHELSEA (JKEY) ESPORTS;0-3;0;3;2;MAN CITY;CHELSEA
2021-03-06 23:10:00;ARCOS;HOTSHOT;INTER MILAN (ARCOS) ESPORTS;DORTMUND (HOTSHOT) ESPORTS;1-1;1;1;0;INTER MILAN;DORTMUND
2021-03-06 23:22:00;VRICO;BOMBI1T0;A.MADRID (VRICO) ESPORTS;MAN CITY (BOMBI1T0) ESPORTS;0-3;0;3;2;A.MADRID;MAN CITY
2021-03-06 23:22:00;JKEY;ARCOS;CHELSEA (JKEY) ESPORTS;INTER MILAN (ARCOS) ESPORTS;1-1;1;1;0;CHELSEA;INTER MILAN
2021-03-06 23:34:00;HOTSHOT;JKEY;DORTMUND (HOTSHOT) ESPORTS;CHELSEA (JKEY) ESPORTS;1-1;1;1;0;DORTMUND;CHELSEA
2021-03-06 23:34:00;ARCOS;VRICO;INTER MILAN (ARCOS) ESPORTS;A.MADRID (VRICO) ESPORTS;2-1;2;1;1;INTER MILAN;A.MADRID
2021-03-06 23:46:00;VRICO;HOTSHOT;A.MADRID (VRICO) ESPORTS;DORTMUND (HOTSHOT) ESPORTS;1-1;1;1;0;A.MADRID;DORTMUND
2021-03-06 23:46:00;BOMBI1T0;ARCOS;MAN CITY (BOMBI1T0) ESPORTS;INTER MILAN (ARCOS) ESPORTS;0-1;0;1;2;MAN CITY;INTER MILAN
2021-03-06 23:58:00;HOTSHOT;BOMBI1T0;DORTMUND (HOTSHOT) ESPORTS;MAN CITY (BOMBI1T0) ESPORTS;0-0;0;0;0;DORTMUND;MAN CITY
2021-03-06 23:58:00;JKEY;VRICO;CHELSEA (JKEY) ESPORTS;A.MADRID (VRICO) ESPORTS;3-2;3;2;1;CHELSEA;A.MADRID
2021-03-07 00:20:00;HOTSHOT;ARCOS;GERMANY (HOTSHOT) ESPORTS;BRAZIL (ARCOS) ESPORTS;0-3;0;3;2;GERMANY;BRAZIL
2021-03-07 00:20:00;JKEY;BOMBI1T0;PORTUGAL (JKEY) ESPORTS;BELGIUM (BOMBI1T0) ESPORTS;1-1;1;1;0;PORTUGAL;BELGIUM
2021-03-07 00:32:00;BOMBI1T0;VRICO;BELGIUM (BOMBI1T0) ESPORTS;FRANÃ§A (VRICO) ESPORTS;0-0;0;0;0;BELGIUM;FRANÃ§A
2021-03-07 00:32:00;ARCOS;JKEY;BRAZIL (ARCOS) ESPORTS;PORTUGAL (JKEY) ESPORTS;3-2;3;2;1;BRAZIL;PORTUGAL
2021-03-07 00:44:00;VRICO;ARCOS;FRANÃ§A (VRICO) ESPORTS;BRAZIL (ARCOS) ESPORTS;1-1;1;1;0;FRANÃ§A;BRAZIL
2021-03-07 00:44:00;JKEY;HOTSHOT;PORTUGAL (JKEY) ESPORTS;GERMANY (HOTSHOT) ESPORTS;0-1;0;1;2;PORTUGAL;GERMANY
2021-03-07 00:56:00;ARCOS;BOMBI1T0;BRAZIL (ARCOS) ESPORTS;BELGIUM (BOMBI1T0) ESPORTS;3-1;3;1;1;BRAZIL;BELGIUM
2021-03-07 00:56:00;HOTSHOT;VRICO;GERMANY (HOTSHOT) ESPORTS;FRANÃ§A (VRICO) ESPORTS;1-3;1;3;2;GERMANY;FRANÃ§A
2021-03-07 01:08:00;VRICO;JKEY;FRANÃ§A (VRICO) ESPORTS;PORTUGAL (JKEY) ESPORTS;1-0;1;0;1;FRANÃ§A;PORTUGAL
2021-03-07 01:08:00;BOMBI1T0;HOTSHOT;BELGIUM (BOMBI1T0) ESPORTS;GERMANY (HOTSHOT) ESPORTS;1-0;1;0;1;BELGIUM;GERMANY
2021-03-07 01:20:00;ARCOS;HOTSHOT;BRAZIL (ARCOS) ESPORTS;GERMANY (HOTSHOT) ESPORTS;0-2;0;2;2;BRAZIL;GERMANY
2021-03-07 01:20:00;BOMBI1T0;JKEY;BELGIUM (BOMBI1T0) ESPORTS;PORTUGAL (JKEY) ESPORTS;1-1;1;1;0;BELGIUM;PORTUGAL
2021-03-07 01:32:00;JKEY;ARCOS;PORTUGAL (JKEY) ESPORTS;BRAZIL (ARCOS) ESPORTS;1-6;1;6;2;PORTUGAL;BRAZIL
2021-03-07 01:32:00;VRICO;BOMBI1T0;FRANÃ§A (VRICO) ESPORTS;BELGIUM (BOMBI1T0) ESPORTS;1-0;1;0;1;FRANÃ§A;BELGIUM
2021-03-07 01:44:00;ARCOS;VRICO;BRAZIL (ARCOS) ESPORTS;FRANÃ§A (VRICO) ESPORTS;3-0;3;0;1;BRAZIL;FRANÃ§A
2021-03-07 01:44:00;HOTSHOT;JKEY;GERMANY (HOTSHOT) ESPORTS;PORTUGAL (JKEY) ESPORTS;2-0;2;0;1;GERMANY;PORTUGAL
2021-03-07 01:56:00;BOMBI1T0;ARCOS;BELGIUM (BOMBI1T0) ESPORTS;BRAZIL (ARCOS) ESPORTS;2-2;2;2;0;BELGIUM;BRAZIL
2021-03-07 01:56:00;VRICO;HOTSHOT;FRANÃ§A (VRICO) ESPORTS;GERMANY (HOTSHOT) ESPORTS;2-1;2;1;1;FRANÃ§A;GERMANY
2021-03-07 02:00:00;NAZARIO;KRAVARK;L.MOSCOW (NAZARIO) ESPORTS;CSKA MOSCOW (KRAVARK) ESPORTS;1-1;1;1;0;L.MOSCOW;CSKA MOSCOW
2021-03-07 02:00:00;IT29;DISCODANCER;SHAKHTAR (IT29) ESPORTS;D.KIEV (DISCODANCER) ESPORTS;2-1;2;1;1;SHAKHTAR;D.KIEV
2021-03-07 02:08:00;JKEY;VRICO;PORTUGAL (JKEY) ESPORTS;FRANÃ§A (VRICO) ESPORTS;1-1;1;1;0;PORTUGAL;FRANÃ§A
2021-03-07 02:08:00;HOTSHOT;BOMBI1T0;GERMANY (HOTSHOT) ESPORTS;BELGIUM (BOMBI1T0) ESPORTS;3-1;3;1;1;GERMANY;BELGIUM
2021-03-07 02:12:00;DISCODANCER;STRATEG;D.KIEV (DISCODANCER) ESPORTS;S.MOSCOW (STRATEG) ESPORTS;2-2;2;2;0;D.KIEV;S.MOSCOW
2021-03-07 02:12:00;KRAVARK;IT29;CSKA MOSCOW (KRAVARK) ESPORTS;SHAKHTAR (IT29) ESPORTS;5-2;5;2;1;CSKA MOSCOW;SHAKHTAR
2021-03-07 02:24:00;IT29;NAZARIO;SHAKHTAR (IT29) ESPORTS;L.MOSCOW (NAZARIO) ESPORTS;1-1;1;1;0;SHAKHTAR;L.MOSCOW
2021-03-07 02:24:00;STRATEG;KRAVARK;S.MOSCOW (STRATEG) ESPORTS;CSKA MOSCOW (KRAVARK) ESPORTS;0-2;0;2;2;S.MOSCOW;CSKA MOSCOW
2021-03-07 02:36:00;KRAVARK;DISCODANCER;CSKA MOSCOW (KRAVARK) ESPORTS;D.KIEV (DISCODANCER) ESPORTS;1-0;1;0;1;CSKA MOSCOW;D.KIEV
2021-03-07 02:36:00;NAZARIO;STRATEG;L.MOSCOW (NAZARIO) ESPORTS;S.MOSCOW (STRATEG) ESPORTS;1-1;1;1;0;L.MOSCOW;S.MOSCOW
2021-03-07 02:48:00;STRATEG;IT29;S.MOSCOW (STRATEG) ESPORTS;SHAKHTAR (IT29) ESPORTS;1-0;1;0;1;S.MOSCOW;SHAKHTAR
2021-03-07 02:48:00;DISCODANCER;NAZARIO;D.KIEV (DISCODANCER) ESPORTS;L.MOSCOW (NAZARIO) ESPORTS;0-0;0;0;0;D.KIEV;L.MOSCOW
2021-03-07 03:00:00;KRAVARK;NAZARIO;CSKA MOSCOW (KRAVARK) ESPORTS;L.MOSCOW (NAZARIO) ESPORTS;1-0;1;0;1;CSKA MOSCOW;L.MOSCOW
2021-03-07 03:00:00;DISCODANCER;IT29;D.KIEV (DISCODANCER) ESPORTS;SHAKHTAR (IT29) ESPORTS;0-3;0;3;2;D.KIEV;SHAKHTAR
2021-03-07 03:12:00;IT29;KRAVARK;SHAKHTAR (IT29) ESPORTS;CSKA MOSCOW (KRAVARK) ESPORTS;0-1;0;1;2;SHAKHTAR;CSKA MOSCOW
2021-03-07 03:12:00;STRATEG;DISCODANCER;S.MOSCOW (STRATEG) ESPORTS;D.KIEV (DISCODANCER) ESPORTS;2-1;2;1;1;S.MOSCOW;D.KIEV
2021-03-07 03:24:00;KRAVARK;STRATEG;CSKA MOSCOW (KRAVARK) ESPORTS;S.MOSCOW (STRATEG) ESPORTS;1-1;1;1;0;CSKA MOSCOW;S.MOSCOW
2021-03-07 03:24:00;NAZARIO;IT29;L.MOSCOW (NAZARIO) ESPORTS;SHAKHTAR (IT29) ESPORTS;0-2;0;2;2;L.MOSCOW;SHAKHTAR
2021-03-07 03:36:00;STRATEG;NAZARIO;S.MOSCOW (STRATEG) ESPORTS;L.MOSCOW (NAZARIO) ESPORTS;0-4;0;4;2;S.MOSCOW;L.MOSCOW
2021-03-07 03:36:00;DISCODANCER;KRAVARK;D.KIEV (DISCODANCER) ESPORTS;CSKA MOSCOW (KRAVARK) ESPORTS;0-2;0;2;2;D.KIEV;CSKA MOSCOW
2021-03-07 03:48:00;NAZARIO;DISCODANCER;L.MOSCOW (NAZARIO) ESPORTS;D.KIEV (DISCODANCER) ESPORTS;2-1;2;1;1;L.MOSCOW;D.KIEV
2021-03-07 03:48:00;IT29;STRATEG;SHAKHTAR (IT29) ESPORTS;S.MOSCOW (STRATEG) ESPORTS;0-2;0;2;2;SHAKHTAR;S.MOSCOW
2021-03-07 04:10:00;IT29;DISCODANCER;LIVERPOOL (IT29) ESPORTS;PSG (DISCODANCER) ESPORTS;2-2;2;2;0;LIVERPOOL;PSG
2021-03-07 04:10:00;NAZARIO;KRAVARK;REAL MADRID (NAZARIO) ESPORTS;BARCELONA (KRAVARK) ESPORTS;2-1;2;1;1;REAL MADRID;BARCELONA
2021-03-07 04:22:00;KRAVARK;IT29;BARCELONA (KRAVARK) ESPORTS;LIVERPOOL (IT29) ESPORTS;2-1;2;1;1;BARCELONA;LIVERPOOL
2021-03-07 04:22:00;DISCODANCER;STRATEG;PSG (DISCODANCER) ESPORTS;BAYERN (STRATEG) ESPORTS;1-3;1;3;2;PSG;BAYERN
2021-03-07 04:34:00;STRATEG;KRAVARK;BAYERN (STRATEG) ESPORTS;BARCELONA (KRAVARK) ESPORTS;1-2;1;2;2;BAYERN;BARCELONA
2021-03-07 04:34:00;IT29;NAZARIO;LIVERPOOL (IT29) ESPORTS;REAL MADRID (NAZARIO) ESPORTS;0-1;0;1;2;LIVERPOOL;REAL MADRID
2021-03-07 04:46:00;KRAVARK;DISCODANCER;BARCELONA (KRAVARK) ESPORTS;PSG (DISCODANCER) ESPORTS;0-1;0;1;2;BARCELONA;PSG
2021-03-07 04:46:00;NAZARIO;STRATEG;REAL MADRID (NAZARIO) ESPORTS;BAYERN (STRATEG) ESPORTS;3-2;3;2;1;REAL MADRID;BAYERN
2021-03-07 04:58:00;DISCODANCER;NAZARIO;PSG (DISCODANCER) ESPORTS;REAL MADRID (NAZARIO) ESPORTS;0-0;0;0;0;PSG;REAL MADRID
2021-03-07 04:58:00;STRATEG;IT29;BAYERN (STRATEG) ESPORTS;LIVERPOOL (IT29) ESPORTS;1-3;1;3;2;BAYERN;LIVERPOOL
2021-03-07 05:10:00;KRAVARK;NAZARIO;BARCELONA (KRAVARK) ESPORTS;REAL MADRID (NAZARIO) ESPORTS;1-1;1;1;0;BARCELONA;REAL MADRID
2021-03-07 05:10:00;DISCODANCER;IT29;PSG (DISCODANCER) ESPORTS;LIVERPOOL (IT29) ESPORTS;3-2;3;2;1;PSG;LIVERPOOL
2021-03-07 05:22:00;STRATEG;DISCODANCER;BAYERN (STRATEG) ESPORTS;PSG (DISCODANCER) ESPORTS;1-3;1;3;2;BAYERN;PSG
2021-03-07 05:22:00;IT29;KRAVARK;LIVERPOOL (IT29) ESPORTS;BARCELONA (KRAVARK) ESPORTS;2-1;2;1;1;LIVERPOOL;BARCELONA
2021-03-07 05:34:00;NAZARIO;IT29;REAL MADRID (NAZARIO) ESPORTS;LIVERPOOL (IT29) ESPORTS;1-0;1;0;1;REAL MADRID;LIVERPOOL
2021-03-07 05:34:00;KRAVARK;STRATEG;BARCELONA (KRAVARK) ESPORTS;BAYERN (STRATEG) ESPORTS;2-0;2;0;1;BARCELONA;BAYERN
2021-03-07 05:46:00;DISCODANCER;KRAVARK;PSG (DISCODANCER) ESPORTS;BARCELONA (KRAVARK) ESPORTS;1-3;1;3;2;PSG;BARCELONA
2021-03-07 05:46:00;STRATEG;NAZARIO;BAYERN (STRATEG) ESPORTS;REAL MADRID (NAZARIO) ESPORTS;2-2;2;2;0;BAYERN;REAL MADRID
2021-03-07 05:58:00;IT29;STRATEG;LIVERPOOL (IT29) ESPORTS;BAYERN (STRATEG) ESPORTS;0-2;0;2;2;LIVERPOOL;BAYERN
2021-03-07 05:58:00;NAZARIO;DISCODANCER;REAL MADRID (NAZARIO) ESPORTS;PSG (DISCODANCER) ESPORTS;1-1;1;1;0;REAL MADRID;PSG
2021-03-07 06:20:00;IT29;DISCODANCER;MAN CITY (IT29) ESPORTS;CHELSEA (DISCODANCER) ESPORTS;0-2;0;2;2;MAN CITY;CHELSEA
2021-03-07 06:20:00;NAZARIO;KRAVARK;TOTTENHAM (NAZARIO) ESPORTS;MAN UTD (KRAVARK) ESPORTS;1-6;1;6;2;TOTTENHAM;MAN UTD
2021-03-07 06:32:00;KRAVARK;IT29;MAN UTD (KRAVARK) ESPORTS;MAN CITY (IT29) ESPORTS;0-1;0;1;2;MAN UTD;MAN CITY
2021-03-07 06:32:00;DISCODANCER;STRATEG;CHELSEA (DISCODANCER) ESPORTS;LIVERPOOL (STRATEG) ESPORTS;2-3;2;3;2;CHELSEA;LIVERPOOL
2021-03-07 06:44:00;IT29;NAZARIO;MAN CITY (IT29) ESPORTS;TOTTENHAM (NAZARIO) ESPORTS;4-1;4;1;1;MAN CITY;TOTTENHAM
2021-03-07 06:44:00;STRATEG;KRAVARK;LIVERPOOL (STRATEG) ESPORTS;MAN UTD (KRAVARK) ESPORTS;0-3;0;3;2;LIVERPOOL;MAN UTD
2021-03-07 06:56:00;KRAVARK;DISCODANCER;MAN UTD (KRAVARK) ESPORTS;CHELSEA (DISCODANCER) ESPORTS;0-3;0;3;2;MAN UTD;CHELSEA
2021-03-07 06:56:00;NAZARIO;STRATEG;TOTTENHAM (NAZARIO) ESPORTS;LIVERPOOL (STRATEG) ESPORTS;0-1;0;1;2;TOTTENHAM;LIVERPOOL
2021-03-07 07:08:00;DISCODANCER;NAZARIO;CHELSEA (DISCODANCER) ESPORTS;TOTTENHAM (NAZARIO) ESPORTS;5-2;5;2;1;CHELSEA;TOTTENHAM
2021-03-07 07:08:00;STRATEG;IT29;LIVERPOOL (STRATEG) ESPORTS;MAN CITY (IT29) ESPORTS;2-1;2;1;1;LIVERPOOL;MAN CITY
2021-03-07 07:20:00;DISCODANCER;IT29;CHELSEA (DISCODANCER) ESPORTS;MAN CITY (IT29) ESPORTS;2-1;2;1;1;CHELSEA;MAN CITY
2021-03-07 07:20:00;KRAVARK;NAZARIO;MAN UTD (KRAVARK) ESPORTS;TOTTENHAM (NAZARIO) ESPORTS;0-5;0;5;2;MAN UTD;TOTTENHAM
2021-03-07 07:32:00;STRATEG;DISCODANCER;LIVERPOOL (STRATEG) ESPORTS;CHELSEA (DISCODANCER) ESPORTS;3-0;3;0;1;LIVERPOOL;CHELSEA
2021-03-07 07:32:00;IT29;KRAVARK;MAN CITY (IT29) ESPORTS;MAN UTD (KRAVARK) ESPORTS;4-2;4;2;1;MAN CITY;MAN UTD
2021-03-07 07:44:00;KRAVARK;STRATEG;MAN UTD (KRAVARK) ESPORTS;LIVERPOOL (STRATEG) ESPORTS;1-4;1;4;2;MAN UTD;LIVERPOOL
2021-03-07 07:44:00;NAZARIO;IT29;TOTTENHAM (NAZARIO) ESPORTS;MAN CITY (IT29) ESPORTS;0-0;0;0;0;TOTTENHAM;MAN CITY
2021-03-07 07:56:00;DISCODANCER;KRAVARK;CHELSEA (DISCODANCER) ESPORTS;MAN UTD (KRAVARK) ESPORTS;1-3;1;3;2;CHELSEA;MAN UTD
2021-03-07 07:56:00;STRATEG;NAZARIO;LIVERPOOL (STRATEG) ESPORTS;TOTTENHAM (NAZARIO) ESPORTS;3-0;3;0;1;LIVERPOOL;TOTTENHAM
2021-03-07 08:08:00;IT29;STRATEG;MAN CITY (IT29) ESPORTS;LIVERPOOL (STRATEG) ESPORTS;0-0;0;0;0;MAN CITY;LIVERPOOL
2021-03-07 08:08:00;NAZARIO;DISCODANCER;TOTTENHAM (NAZARIO) ESPORTS;CHELSEA (DISCODANCER) ESPORTS;1-0;1;0;1;TOTTENHAM;CHELSEA
2021-03-07 08:40:00;REBELS;PLEVIS;GERMANY (REBELS) ESPORTS;PORTUGAL (PLEVIS) ESPORTS;1-1;1;1;0;GERMANY;PORTUGAL
2021-03-07 08:52:00;PLEVIS;SLEZAINTIMA;PORTUGAL (PLEVIS) ESPORTS;BELGIUM (SLEZAINTIMA) ESPORTS;1-0;1;0;1;PORTUGAL;BELGIUM
2021-03-07 09:04:00;REBELS;FOGGY;GERMANY (REBELS) ESPORTS;BRAZIL (FOGGY) ESPORTS;2-2;2;2;0;GERMANY;BRAZIL
2021-03-07 09:16:00;FOGGY;SLEZAINTIMA;BRAZIL (FOGGY) ESPORTS;BELGIUM (SLEZAINTIMA) ESPORTS;3-0;3;0;1;BRAZIL;BELGIUM
2021-03-07 09:28:00;SLEZAINTIMA;REBELS;BELGIUM (SLEZAINTIMA) ESPORTS;GERMANY (REBELS) ESPORTS;2-1;2;1;1;BELGIUM;GERMANY
2021-03-07 09:28:00;PLEVIS;FOGGY;PORTUGAL (PLEVIS) ESPORTS;BRAZIL (FOGGY) ESPORTS;0-1;0;1;2;PORTUGAL;BRAZIL
2021-03-07 09:40:00;PLEVIS;REBELS;PORTUGAL (PLEVIS) ESPORTS;GERMANY (REBELS) ESPORTS;2-0;2;0;1;PORTUGAL;GERMANY
2021-03-07 09:52:00;SLEZAINTIMA;PLEVIS;BELGIUM (SLEZAINTIMA) ESPORTS;PORTUGAL (PLEVIS) ESPORTS;0-1;0;1;2;BELGIUM;PORTUGAL
2021-03-07 10:04:00;FOGGY;REBELS;BRAZIL (FOGGY) ESPORTS;GERMANY (REBELS) ESPORTS;2-1;2;1;1;BRAZIL;GERMANY
2021-03-07 10:16:00;SLEZAINTIMA;FOGGY;BELGIUM (SLEZAINTIMA) ESPORTS;BRAZIL (FOGGY) ESPORTS;0-2;0;2;2;BELGIUM;BRAZIL
2021-03-07 10:28:00;FOGGY;PLEVIS;BRAZIL (FOGGY) ESPORTS;PORTUGAL (PLEVIS) ESPORTS;1-1;1;1;0;BRAZIL;PORTUGAL
2021-03-07 10:28:00;REBELS;SLEZAINTIMA;GERMANY (REBELS) ESPORTS;BELGIUM (SLEZAINTIMA) ESPORTS;0-1;0;1;2;GERMANY;BELGIUM
2021-03-07 10:50:00;REBELS;PLEVIS;NAPOLI (REBELS) ESPORTS;BAYER 04 (PLEVIS) ESPORTS;1-2;1;2;2;NAPOLI;BAYER 04
2021-03-07 11:02:00;PLEVIS;SLEZAINTIMA;BAYER 04 (PLEVIS) ESPORTS;ARSENAL (SLEZAINTIMA) ESPORTS;2-2;2;2;0;BAYER 04;ARSENAL
2021-03-07 11:14:00;REBELS;FOGGY;NAPOLI (REBELS) ESPORTS;LEICESTER (FOGGY) ESPORTS;0-3;0;3;2;NAPOLI;LEICESTER
2021-03-07 11:26:00;FOGGY;SLEZAINTIMA;LEICESTER (FOGGY) ESPORTS;ARSENAL (SLEZAINTIMA) ESPORTS;0-2;0;2;2;LEICESTER;ARSENAL
2021-03-07 11:38:00;SLEZAINTIMA;REBELS;ARSENAL (SLEZAINTIMA) ESPORTS;NAPOLI (REBELS) ESPORTS;3-2;3;2;1;ARSENAL;NAPOLI
2021-03-07 11:38:00;PLEVIS;FOGGY;BAYER 04 (PLEVIS) ESPORTS;LEICESTER (FOGGY) ESPORTS;0-0;0;0;0;BAYER 04;LEICESTER
2021-03-07 11:50:00;PLEVIS;REBELS;BAYER 04 (PLEVIS) ESPORTS;NAPOLI (REBELS) ESPORTS;3-0;3;0;1;BAYER 04;NAPOLI
2021-03-07 12:02:00;SLEZAINTIMA;PLEVIS;ARSENAL (SLEZAINTIMA) ESPORTS;BAYER 04 (PLEVIS) ESPORTS;3-1;3;1;1;ARSENAL;BAYER 04
2021-03-07 12:14:00;FOGGY;REBELS;LEICESTER (FOGGY) ESPORTS;NAPOLI (REBELS) ESPORTS;4-0;4;0;1;LEICESTER;NAPOLI
2021-03-07 12:26:00;SLEZAINTIMA;FOGGY;ARSENAL (SLEZAINTIMA) ESPORTS;LEICESTER (FOGGY) ESPORTS;0-0;0;0;0;ARSENAL;LEICESTER
2021-03-07 12:38:00;REBELS;SLEZAINTIMA;NAPOLI (REBELS) ESPORTS;ARSENAL (SLEZAINTIMA) ESPORTS;2-2;2;2;0;NAPOLI;ARSENAL
2021-03-07 12:38:00;FOGGY;PLEVIS;LEICESTER (FOGGY) ESPORTS;BAYER 04 (PLEVIS) ESPORTS;1-2;1;2;2;LEICESTER;BAYER 04
2021-03-07 13:10:00;REBELS;PLEVIS;REAL MADRID (REBELS) ESPORTS;LIVERPOOL (PLEVIS) ESPORTS;0-0;0;0;0;REAL MADRID;LIVERPOOL
2021-03-07 13:22:00;PLEVIS;SLEZAINTIMA;LIVERPOOL (PLEVIS) ESPORTS;BAYERN (SLEZAINTIMA) ESPORTS;2-3;2;3;2;LIVERPOOL;BAYERN
2021-03-07 13:34:00;REBELS;FOGGY;REAL MADRID (REBELS) ESPORTS;BARCELONA (FOGGY) ESPORTS;0-3;0;3;2;REAL MADRID;BARCELONA
2021-03-07 13:46:00;FOGGY;SLEZAINTIMA;BARCELONA (FOGGY) ESPORTS;BAYERN (SLEZAINTIMA) ESPORTS;0-4;0;4;2;BARCELONA;BAYERN
2021-03-07 13:58:00;PLEVIS;FOGGY;LIVERPOOL (PLEVIS) ESPORTS;BARCELONA (FOGGY) ESPORTS;1-0;1;0;1;LIVERPOOL;BARCELONA
2021-03-07 13:58:00;SLEZAINTIMA;REBELS;BAYERN (SLEZAINTIMA) ESPORTS;REAL MADRID (REBELS) ESPORTS;0-1;0;1;2;BAYERN;REAL MADRID
2021-03-07 14:10:00;PLEVIS;REBELS;LIVERPOOL (PLEVIS) ESPORTS;REAL MADRID (REBELS) ESPORTS;1-2;1;2;2;LIVERPOOL;REAL MADRID
2021-03-07 14:22:00;SLEZAINTIMA;PLEVIS;BAYERN (SLEZAINTIMA) ESPORTS;LIVERPOOL (PLEVIS) ESPORTS;1-1;1;1;0;BAYERN;LIVERPOOL
2021-03-07 14:34:00;FOGGY;REBELS;BARCELONA (FOGGY) ESPORTS;REAL MADRID (REBELS) ESPORTS;2-3;2;3;2;BARCELONA;REAL MADRID
2021-03-07 14:46:00;SLEZAINTIMA;FOGGY;BAYERN (SLEZAINTIMA) ESPORTS;BARCELONA (FOGGY) ESPORTS;1-1;1;1;0;BAYERN;BARCELONA
2021-03-07 14:58:00;REBELS;SLEZAINTIMA;REAL MADRID (REBELS) ESPORTS;BAYERN (SLEZAINTIMA) ESPORTS;1-0;1;0;1;REAL MADRID;BAYERN
2021-03-07 14:58:00;FOGGY;PLEVIS;BARCELONA (FOGGY) ESPORTS;LIVERPOOL (PLEVIS) ESPORTS;1-2;1;2;2;BARCELONA;LIVERPOOL
2021-03-07 15:20:00;REBELS;PLEVIS;ATALANTA (REBELS) ESPORTS;AC MILAN (PLEVIS) ESPORTS;2-0;2;0;1;ATALANTA;AC MILAN
2021-03-07 15:32:00;PLEVIS;SLEZAINTIMA;AC MILAN (PLEVIS) ESPORTS;NAPOLI (SLEZAINTIMA) ESPORTS;2-3;2;3;2;AC MILAN;NAPOLI
2021-03-07 15:44:00;REBELS;FOGGY;ATALANTA (REBELS) ESPORTS;LAZIO (FOGGY) ESPORTS;0-3;0;3;2;ATALANTA;LAZIO
2021-03-07 15:56:00;FOGGY;SLEZAINTIMA;LAZIO (FOGGY) ESPORTS;NAPOLI (SLEZAINTIMA) ESPORTS;2-2;2;2;0;LAZIO;NAPOLI
2021-03-07 16:08:00;SLEZAINTIMA;REBELS;NAPOLI (SLEZAINTIMA) ESPORTS;ATALANTA (REBELS) ESPORTS;1-0;1;0;1;NAPOLI;ATALANTA
2021-03-07 16:08:00;PLEVIS;FOGGY;AC MILAN (PLEVIS) ESPORTS;LAZIO (FOGGY) ESPORTS;1-1;1;1;0;AC MILAN;LAZIO
2021-03-07 16:20:00;PLEVIS;REBELS;AC MILAN (PLEVIS) ESPORTS;ATALANTA (REBELS) ESPORTS;1-0;1;0;1;AC MILAN;ATALANTA
2021-03-07 16:32:00;SLEZAINTIMA;PLEVIS;NAPOLI (SLEZAINTIMA) ESPORTS;AC MILAN (PLEVIS) ESPORTS;2-0;2;0;1;NAPOLI;AC MILAN
2021-03-07 16:44:00;FOGGY;REBELS;LAZIO (FOGGY) ESPORTS;ATALANTA (REBELS) ESPORTS;0-0;0;0;0;LAZIO;ATALANTA
2021-03-07 16:56:00;SLEZAINTIMA;FOGGY;NAPOLI (SLEZAINTIMA) ESPORTS;LAZIO (FOGGY) ESPORTS;1-1;1;1;0;NAPOLI;LAZIO
2021-03-07 17:08:00;REBELS;SLEZAINTIMA;ATALANTA (REBELS) ESPORTS;NAPOLI (SLEZAINTIMA) ESPORTS;0-1;0;1;2;ATALANTA;NAPOLI
2021-03-07 17:08:00;FOGGY;PLEVIS;LAZIO (FOGGY) ESPORTS;AC MILAN (PLEVIS) ESPORTS;1-1;1;1;0;LAZIO;AC MILAN
2021-03-07 17:40:00;HOTSHOT;ARCOS;TOTTENHAM (HOTSHOT) ESPORTS;CHELSEA (ARCOS) ESPORTS;3-2;3;2;1;TOTTENHAM;CHELSEA
2021-03-07 17:52:00;ARCOS;JKEY;CHELSEA (ARCOS) ESPORTS;MAN CITY (JKEY) ESPORTS;0-0;0;0;0;CHELSEA;MAN CITY
2021-03-07 18:04:00;VRICO;ARCOS;MAN UTD (VRICO) ESPORTS;CHELSEA (ARCOS) ESPORTS;0-1;0;1;2;MAN UTD;CHELSEA
2021-03-07 18:04:00;JKEY;HOTSHOT;MAN CITY (JKEY) ESPORTS;TOTTENHAM (HOTSHOT) ESPORTS;2-2;2;2;0;MAN CITY;TOTTENHAM
2021-03-07 18:16:00;HOTSHOT;VRICO;TOTTENHAM (HOTSHOT) ESPORTS;MAN UTD (VRICO) ESPORTS;2-1;2;1;1;TOTTENHAM;MAN UTD
2021-03-07 18:28:00;VRICO;JKEY;MAN UTD (VRICO) ESPORTS;MAN CITY (JKEY) ESPORTS;1-2;1;2;2;MAN UTD;MAN CITY
2021-03-07 18:40:00;ARCOS;HOTSHOT;CHELSEA (ARCOS) ESPORTS;TOTTENHAM (HOTSHOT) ESPORTS;2-0;2;0;1;CHELSEA;TOTTENHAM
2021-03-07 18:52:00;JKEY;ARCOS;MAN CITY (JKEY) ESPORTS;CHELSEA (ARCOS) ESPORTS;3-1;3;1;1;MAN CITY;CHELSEA
2021-03-07 19:04:00;ARCOS;VRICO;CHELSEA (ARCOS) ESPORTS;MAN UTD (VRICO) ESPORTS;0-2;0;2;2;CHELSEA;MAN UTD
2021-03-07 19:04:00;HOTSHOT;JKEY;TOTTENHAM (HOTSHOT) ESPORTS;MAN CITY (JKEY) ESPORTS;1-2;1;2;2;TOTTENHAM;MAN CITY
2021-03-07 19:16:00;VRICO;HOTSHOT;MAN UTD (VRICO) ESPORTS;TOTTENHAM (HOTSHOT) ESPORTS;5-1;5;1;1;MAN UTD;TOTTENHAM
2021-03-07 19:28:00;JKEY;VRICO;MAN CITY (JKEY) ESPORTS;MAN UTD (VRICO) ESPORTS;0-2;0;2;2;MAN CITY;MAN UTD
2021-03-07 19:50:00;HOTSHOT;ARCOS;REAL MADRID (HOTSHOT) ESPORTS;PSG (ARCOS) ESPORTS;1-0;1;0;1;REAL MADRID;PSG
2021-03-07 20:02:00;ARCOS;JKEY;PSG (ARCOS) ESPORTS;BARCELONA (JKEY) ESPORTS;3-0;3;0;1;PSG;BARCELONA
2021-03-07 20:14:00;JKEY;HOTSHOT;BARCELONA (JKEY) ESPORTS;REAL MADRID (HOTSHOT) ESPORTS;1-1;1;1;0;BARCELONA;REAL MADRID
2021-03-07 20:14:00;VRICO;ARCOS;LIVERPOOL (VRICO) ESPORTS;PSG (ARCOS) ESPORTS;0-0;0;0;0;LIVERPOOL;PSG
2021-03-07 20:26:00;HOTSHOT;VRICO;REAL MADRID (HOTSHOT) ESPORTS;LIVERPOOL (VRICO) ESPORTS;3-0;3;0;1;REAL MADRID;LIVERPOOL
2021-03-07 20:38:00;VRICO;JKEY;LIVERPOOL (VRICO) ESPORTS;BARCELONA (JKEY) ESPORTS;3-2;3;2;1;LIVERPOOL;BARCELONA
2021-03-07 20:50:00;ARCOS;HOTSHOT;PSG (ARCOS) ESPORTS;REAL MADRID (HOTSHOT) ESPORTS;4-3;4;3;1;PSG;REAL MADRID
2021-03-07 21:02:00;JKEY;ARCOS;BARCELONA (JKEY) ESPORTS;PSG (ARCOS) ESPORTS;1-1;1;1;0;BARCELONA;PSG
2021-03-07 21:14:00;HOTSHOT;JKEY;REAL MADRID (HOTSHOT) ESPORTS;BARCELONA (JKEY) ESPORTS;2-1;2;1;1;REAL MADRID;BARCELONA
2021-03-07 21:14:00;ARCOS;VRICO;PSG (ARCOS) ESPORTS;LIVERPOOL (VRICO) ESPORTS;1-1;1;1;0;PSG;LIVERPOOL
2021-03-07 21:26:00;VRICO;HOTSHOT;LIVERPOOL (VRICO) ESPORTS;REAL MADRID (HOTSHOT) ESPORTS;1-0;1;0;1;LIVERPOOL;REAL MADRID
2021-03-07 21:38:00;JKEY;VRICO;BARCELONA (JKEY) ESPORTS;LIVERPOOL (VRICO) ESPORTS;0-2;0;2;2;BARCELONA;LIVERPOOL
2021-03-07 22:10:00;HOTSHOT;ARCOS;CHELSEA (HOTSHOT) ESPORTS;DORTMUND (ARCOS) ESPORTS;1-0;1;0;1;CHELSEA;DORTMUND
2021-03-07 22:22:00;ARCOS;JKEY;DORTMUND (ARCOS) ESPORTS;ATLETICO MADRID (JKEY) ESPORTS;1-2;1;2;2;DORTMUND;ATLETICO MADRID
2021-03-07 22:34:00;JKEY;HOTSHOT;ATLETICO MADRID (JKEY) ESPORTS;CHELSEA (HOTSHOT) ESPORTS;2-1;2;1;1;ATLETICO MADRID;CHELSEA
2021-03-07 22:34:00;VRICO;ARCOS;MAN CITY (VRICO) ESPORTS;DORTMUND (ARCOS) ESPORTS;0-0;0;0;0;MAN CITY;DORTMUND
2021-03-07 22:46:00;HOTSHOT;VRICO;CHELSEA (HOTSHOT) ESPORTS;MAN CITY (VRICO) ESPORTS;1-0;1;0;1;CHELSEA;MAN CITY
2021-03-07 22:58:00;VRICO;JKEY;MAN CITY (VRICO) ESPORTS;ATLETICO MADRID (JKEY) ESPORTS;1-1;1;1;0;MAN CITY;ATLETICO MADRID
2021-03-07 23:10:00;ARCOS;HOTSHOT;DORTMUND (ARCOS) ESPORTS;CHELSEA (HOTSHOT) ESPORTS;2-3;2;3;2;DORTMUND;CHELSEA
